class,cap-shape,cap-surface,bruises,gill-spacing,gill-size
p,x,s,t,c,n
e,x,s,t,c,b
e,b,s,t,c,b
p,x,y,t,c,n
e,x,s,f,w,b
e,x,y,t,c,b
e,b,s,t,c,b
e,b,y,t,c,b
p,x,y,t,c,n
e,b,s,t,c,b
e,x,y,t,c,b
e,x,y,t,c,b
e,b,s,t,c,b
p,x,y,t,c,n
e,x,f,f,w,b
e,s,f,f,c,n
e,f,f,f,w,b
p,x,s,t,c,n
p,x,y,t,c,n
p,x,s,t,c,n
e,b,s,t,c,b
p,x,y,t,c,n
e,b,y,t,c,b
e,b,y,t,c,b
e,b,s,t,c,b
p,f,s,t,c,n
e,x,y,t,c,b
e,x,y,t,c,b
e,f,f,f,c,n
e,x,s,t,w,n
e,b,s,t,c,b
p,x,y,t,c,n
e,x,y,t,c,b
e,x,y,t,c,b
e,b,y,t,c,b
e,x,f,t,w,n
e,s,f,f,c,n
p,x,y,t,c,n
e,x,f,t,w,n
e,b,s,t,c,b
e,b,y,t,c,b
e,x,y,t,c,b
e,x,f,f,c,n
p,x,y,t,c,n
e,x,s,t,c,b
e,x,y,t,c,b
e,x,y,t,c,b
e,x,s,t,c,b
e,x,y,t,c,b
e,f,y,t,c,b
e,x,y,t,c,b
e,x,s,t,c,b
e,b,s,t,c,b
p,x,y,t,c,n
p,x,s,t,c,n
e,b,y,t,c,b
e,f,f,f,w,b
e,b,s,t,c,b
e,x,s,t,c,b
e,x,y,t,c,b
e,s,f,f,c,n
e,b,y,t,c,b
e,b,s,t,c,b
e,b,y,t,c,b
e,b,y,t,c,b
e,f,s,f,w,b
e,x,s,t,c,b
e,f,y,t,c,b
e,x,y,t,c,b
e,x,f,f,c,n
e,f,f,t,w,n
e,b,y,t,c,b
e,f,f,t,w,n
e,x,y,t,c,b
e,b,s,t,c,b
e,f,s,t,w,n
e,x,s,t,w,n
e,f,y,t,c,b
p,x,y,t,c,n
e,f,y,t,c,b
e,x,s,f,w,b
p,x,y,t,c,n
e,f,f,f,c,n
e,x,f,f,w,b
e,x,y,t,c,b
e,x,s,f,w,b
e,b,s,t,c,b
e,x,s,t,c,b
e,f,y,t,c,b
e,s,f,f,c,n
e,x,f,f,c,n
e,b,s,t,c,b
e,x,y,t,c,b
e,x,y,t,c,b
e,x,s,f,w,b
e,x,s,t,c,b
e,f,y,t,c,b
e,x,s,t,c,b
e,b,s,t,c,b
e,x,y,t,c,b
e,x,f,f,w,b
e,b,s,t,c,b
e,f,y,t,c,b
e,x,y,t,c,b
e,b,y,t,c,b
e,x,y,t,c,b
e,x,y,t,c,b
e,b,y,t,c,b
e,b,y,t,c,b
e,x,s,t,c,b
e,x,s,t,c,b
e,s,f,f,c,n
e,x,f,t,w,n
e,x,s,t,c,b
p,x,y,t,c,n
e,x,y,t,c,b
e,s,f,f,c,n
e,x,y,t,c,b
e,x,s,t,w,n
e,s,f,f,c,n
p,x,s,t,c,n
e,x,y,t,c,b
p,f,y,t,c,n
e,f,s,f,w,b
e,x,s,t,c,b
e,x,s,f,w,b
e,b,s,t,c,b
e,f,f,f,w,b
e,x,s,t,c,b
e,b,s,t,c,b
e,b,s,t,c,b
e,b,y,t,c,b
e,f,s,t,w,n
e,x,y,t,c,b
e,f,s,t,w,n
p,x,y,t,c,n
e,f,f,t,w,n
e,x,y,t,c,b
p,x,s,t,c,n
e,b,s,t,c,b
e,x,y,t,c,b
e,b,y,t,c,b
e,s,f,f,c,n
e,f,y,t,c,b
e,x,y,t,c,b
e,x,f,f,w,b
e,f,f,f,w,b
e,x,y,t,c,b
e,b,s,t,c,b
e,b,y,t,c,b
e,x,y,t,c,b
e,x,s,f,w,b
e,x,y,t,c,b
e,s,f,f,c,n
e,x,s,t,w,n
e,x,y,t,c,b
e,b,y,t,c,b
e,x,y,t,c,b
e,b,y,t,c,b
e,b,s,t,c,b
e,b,s,t,c,b
e,b,y,t,c,b
e,x,f,f,c,n
e,f,y,t,c,b
e,x,y,t,c,b
e,f,y,t,c,b
e,b,s,t,c,b
e,b,s,t,c,b
e,x,y,t,c,b
e,b,s,t,c,b
e,x,f,f,c,n
e,b,s,t,c,b
e,x,f,t,w,n
e,b,y,t,c,b
e,f,y,t,c,b
e,b,y,t,c,b
e,b,y,t,c,b
e,b,y,t,c,b
e,x,y,t,c,b
e,b,s,t,c,b
p,x,y,t,c,n
e,s,f,f,c,n
e,f,f,f,c,n
e,x,s,t,c,b
e,f,y,t,c,b
p,x,y,t,c,n
e,b,s,t,c,b
e,f,f,f,c,n
e,b,y,t,c,b
e,x,y,t,c,b
e,x,f,f,w,b
e,x,s,t,w,n
e,b,s,t,c,b
e,f,s,t,w,n
e,x,s,t,c,b
e,f,f,f,c,n
e,b,s,t,c,b
e,x,s,t,c,b
e,x,y,t,c,b
e,f,s,t,w,n
e,x,y,t,c,b
e,b,s,t,c,b
e,x,s,t,c,b
e,x,f,f,w,b
e,f,y,t,c,b
p,x,s,t,c,n
e,b,s,t,c,b
e,b,s,t,c,b
e,b,y,t,c,b
e,b,y,t,c,b
e,x,s,t,c,b
e,b,s,t,c,b
e,x,f,t,w,n
e,x,f,f,c,n
e,f,y,t,c,b
e,b,s,t,c,b
e,x,s,t,c,b
e,x,y,t,c,b
e,x,y,t,c,b
e,s,f,f,c,n
e,x,s,t,c,b
p,x,s,t,c,n
e,x,y,t,c,b
e,f,f,t,w,n
e,x,y,t,c,b
e,b,y,t,c,b
e,x,s,t,c,b
e,x,s,t,c,b
p,x,y,t,c,n
e,b,s,t,c,b
e,x,f,f,c,n
p,x,y,t,c,n
e,x,y,t,c,b
e,f,f,f,c,n
e,b,s,t,c,b
e,x,f,t,w,n
e,x,y,t,c,b
e,b,y,t,c,b
e,x,y,t,c,b
e,f,y,t,c,b
e,f,y,t,c,b
e,x,s,t,c,b
e,x,s,t,c,b
p,x,s,t,c,n
e,f,f,t,w,n
e,x,s,t,c,b
e,x,s,t,w,n
e,x,y,t,c,b
e,f,y,t,c,b
e,x,s,f,w,b
e,f,y,t,c,b
p,x,s,t,c,n
e,s,f,f,c,n
e,b,y,t,c,b
e,b,s,t,c,b
e,b,y,t,c,b
e,f,f,f,c,n
e,x,s,t,c,b
e,b,y,t,c,b
e,b,y,t,c,b
e,f,y,t,c,b
p,x,y,t,c,n
e,x,s,t,c,b
e,x,y,t,c,b
e,f,f,t,w,n
e,f,f,f,c,n
e,f,s,f,w,b
e,x,y,t,c,b
e,b,s,t,c,b
p,f,y,t,c,n
e,x,s,t,c,b
p,f,s,t,c,n
e,x,y,t,c,b
e,x,y,t,c,b
e,f,y,t,c,b
e,x,y,t,c,b
e,f,y,t,c,b
e,x,y,t,c,b
e,f,f,f,w,b
e,x,s,t,c,b
p,x,y,t,c,n
e,b,y,t,c,b
e,s,f,f,c,n
e,x,s,t,c,b
e,b,y,t,c,b
e,f,y,t,c,b
e,b,y,t,c,b
e,b,y,t,c,b
e,x,y,t,c,b
e,f,f,f,c,n
e,x,f,f,c,n
e,b,y,t,c,b
e,x,s,t,c,b
e,b,y,t,c,b
e,x,s,t,c,b
e,b,s,t,c,b
e,x,s,t,c,b
e,x,f,f,w,b
e,f,s,t,w,n
p,x,y,t,c,n
e,x,f,f,w,b
e,b,y,t,c,b
e,x,s,t,w,n
e,b,y,t,c,b
e,x,y,t,c,b
e,x,f,t,c,b
e,b,y,t,c,b
e,x,s,t,c,b
e,f,y,t,c,b
e,x,f,f,w,b
e,x,s,t,c,b
p,x,y,t,c,n
e,x,y,t,c,b
e,x,f,t,w,n
e,b,s,t,c,b
p,x,y,t,c,n
e,x,s,t,w,n
e,x,y,t,c,b
e,x,f,t,w,n
e,f,s,t,w,n
e,x,y,t,c,b
e,f,f,t,w,n
e,x,s,t,c,b
e,b,y,t,c,b
e,x,y,t,c,b
e,b,y,t,c,b
e,x,s,t,c,b
p,x,y,t,c,n
e,b,s,t,c,b
e,b,y,t,c,b
p,x,y,t,c,n
e,b,s,t,c,b
e,b,y,t,c,b
e,b,y,t,c,b
e,x,y,t,c,b
e,x,f,t,c,b
e,x,y,t,c,b
e,b,s,t,c,b
e,x,f,f,c,n
e,x,y,t,c,b
e,x,s,t,c,b
e,b,y,t,c,b
e,x,s,t,c,b
e,f,f,t,w,n
e,b,y,t,c,b
e,x,f,f,w,b
e,x,f,t,w,n
e,x,s,t,c,b
e,f,s,f,w,b
e,x,f,f,c,n
e,f,s,f,w,b
e,f,y,t,c,b
e,b,y,t,c,b
e,b,s,t,c,b
e,x,y,t,c,b
e,s,f,f,c,n
e,f,y,t,c,b
p,x,y,t,c,n
e,x,y,t,c,b
e,x,y,t,c,b
e,x,f,f,w,b
e,x,f,f,w,b
e,f,s,f,w,b
e,f,y,t,c,b
e,x,s,t,c,b
e,f,f,f,c,n
e,x,y,t,c,b
e,x,f,t,w,n
e,b,y,t,c,b
e,x,f,f,w,b
e,x,y,t,c,b
e,f,y,t,c,b
e,x,s,t,c,b
e,s,f,f,c,n
e,x,s,t,c,b
e,b,s,t,c,b
e,s,f,f,c,n
e,b,y,t,c,b
e,x,y,t,c,b
e,b,y,t,c,b
p,x,y,t,c,n
e,x,s,f,w,b
e,x,y,t,c,b
e,b,s,t,c,b
e,x,f,t,c,b
p,x,s,t,c,n
e,x,y,t,c,b
e,x,s,f,w,b
e,b,y,t,c,b
e,x,s,t,c,b
e,b,s,t,c,b
e,x,s,t,c,b
e,b,y,t,c,b
e,x,f,f,c,n
e,f,y,t,c,b
e,x,f,f,w,b
e,x,s,t,c,b
e,x,y,t,c,b
e,x,f,f,c,n
p,x,s,t,c,n
e,b,y,t,c,b
e,b,y,t,c,b
p,x,y,t,c,n
e,b,s,t,c,b
e,x,s,t,c,b
e,x,y,t,c,b
e,b,y,t,c,b
e,x,s,t,c,b
e,x,s,t,c,b
e,x,y,t,c,b
e,x,s,t,c,b
e,x,s,f,w,b
e,x,y,t,c,b
e,x,y,t,c,b
p,x,y,t,c,n
e,b,y,t,c,b
e,x,f,t,w,n
p,x,s,t,c,n
e,x,y,t,c,b
e,f,f,f,w,b
e,x,y,t,c,b
e,b,y,t,c,b
p,x,y,t,c,n
e,f,y,t,c,b
e,x,s,t,c,b
e,x,s,t,w,n
e,f,y,t,c,b
e,b,s,t,c,b
e,x,s,f,w,b
e,f,f,f,c,n
e,x,y,t,c,b
e,x,y,t,c,b
e,b,s,t,c,b
e,b,s,t,c,b
e,f,s,t,w,n
e,b,s,t,c,b
e,x,f,t,w,n
e,x,y,t,c,b
e,b,y,t,c,b
e,x,y,t,c,b
e,x,y,t,c,b
e,x,y,t,c,b
e,x,y,t,c,b
e,x,y,t,c,b
e,x,s,t,c,b
e,x,y,t,c,b
e,x,s,t,c,b
e,f,y,t,c,b
e,b,s,t,c,b
e,x,f,t,c,b
e,x,y,t,c,b
e,b,s,t,c,b
e,b,s,t,c,b
e,x,f,t,w,n
e,b,s,t,c,b
e,x,s,f,w,b
e,b,s,t,c,b
e,b,s,t,c,b
e,f,y,t,c,b
e,f,y,t,c,b
e,x,s,t,c,b
e,f,y,t,c,b
e,b,s,t,c,b
e,x,y,t,c,b
e,x,f,f,c,n
e,f,y,t,c,b
e,x,s,t,c,b
e,x,s,t,c,b
e,b,y,t,c,b
e,f,y,t,c,b
e,x,y,t,c,b
e,x,y,t,c,b
e,f,f,t,w,n
e,s,f,f,c,n
e,f,s,t,w,n
e,f,f,f,c,n
e,x,f,f,c,n
e,b,y,t,c,b
e,x,s,t,w,n
e,b,y,t,c,b
e,b,y,t,c,b
e,b,y,t,c,b
e,f,s,t,w,n
e,f,f,f,c,n
e,f,s,t,w,n
e,f,y,t,c,b
e,x,y,t,c,b
e,s,f,f,c,n
e,x,y,t,c,b
e,x,y,t,c,b
e,f,f,t,w,n
p,f,s,t,c,n
p,x,s,t,c,n
e,f,y,t,c,b
e,x,y,t,c,b
e,b,s,t,c,b
e,f,f,f,w,b
e,f,y,t,c,b
e,x,y,t,c,b
e,b,s,t,c,b
e,x,s,t,c,b
e,b,y,t,c,b
e,x,s,t,c,b
e,b,s,t,c,b
e,b,y,t,c,b
p,x,s,t,c,n
e,x,s,f,w,b
e,f,s,f,w,b
e,x,f,t,w,n
e,f,f,f,c,n
e,f,f,f,c,n
e,b,y,t,c,b
e,x,f,t,w,n
e,s,f,f,c,n
e,x,f,f,c,n
e,x,f,f,w,b
e,x,y,t,c,b
e,b,s,t,c,b
e,x,y,t,c,b
e,x,y,t,c,b
e,x,s,t,c,b
e,b,s,t,c,b
e,f,y,t,c,b
p,x,s,t,c,n
e,f,f,f,c,n
e,b,s,t,c,b
e,f,y,t,c,b
e,x,s,t,c,b
e,x,f,f,c,n
e,f,y,t,c,b
e,x,y,t,c,b
e,x,s,t,c,b
p,x,y,t,c,n
e,f,y,t,c,b
p,f,s,t,c,n
e,x,f,f,w,b
e,b,y,t,c,b
e,s,f,f,c,n
e,x,y,t,c,b
e,f,s,t,w,n
e,x,s,t,c,b
e,f,f,f,w,b
p,x,y,t,c,n
e,x,y,t,c,b
e,f,f,f,w,b
e,x,s,t,c,b
e,b,y,t,c,b
e,f,f,f,c,n
e,x,f,t,w,n
e,x,s,t,c,b
e,f,f,f,c,n
e,x,f,f,w,b
e,x,y,t,c,b
e,f,s,t,w,n
e,x,s,t,c,b
e,f,y,t,c,b
p,x,y,t,c,n
e,x,f,t,w,n
e,x,s,t,c,b
e,x,y,t,c,b
e,b,s,t,c,b
e,x,s,t,w,n
e,x,s,t,w,n
e,x,f,f,w,b
e,b,s,t,c,b
p,x,y,t,c,n
e,x,y,t,c,b
e,f,s,f,w,b
p,x,s,t,c,n
e,b,y,t,c,b
e,x,s,t,c,b
e,f,f,t,w,n
e,x,s,t,c,b
e,b,y,t,c,b
e,x,y,t,c,b
e,x,s,t,c,b
e,x,f,f,c,n
e,x,s,t,c,b
e,x,y,t,c,b
p,x,s,t,c,n
e,x,s,t,c,b
e,x,s,t,c,b
e,x,y,t,c,b
e,x,y,t,c,b
e,f,y,t,c,b
e,x,y,t,c,b
e,s,f,f,c,n
e,f,f,f,c,n
e,s,f,f,c,n
e,x,y,t,c,b
p,x,s,t,c,n
e,x,s,f,w,b
e,x,y,t,c,b
p,x,y,t,c,n
e,x,s,t,c,b
p,x,s,t,c,n
e,b,s,t,c,b
e,b,y,t,c,b
p,x,y,t,c,n
p,x,s,t,c,n
e,x,s,f,w,b
e,x,y,t,c,b
e,f,f,f,w,b
e,f,y,t,c,b
e,b,y,t,c,b
e,b,s,t,c,b
e,x,s,f,w,b
e,f,y,t,c,b
e,x,s,t,c,b
e,f,f,f,c,n
e,f,s,f,w,b
e,x,f,f,w,b
e,f,s,f,w,b
p,x,s,t,c,n
e,x,y,t,c,b
e,b,s,t,c,b
e,f,f,f,w,b
e,b,y,t,c,b
e,b,s,t,c,b
e,s,f,f,c,n
e,f,y,t,c,b
e,b,s,t,c,b
e,x,f,t,w,n
e,f,y,t,c,b
e,f,f,f,c,n
e,x,s,t,c,b
e,f,f,t,w,n
e,s,f,f,c,n
e,b,y,t,c,b
e,b,s,t,c,b
e,f,f,f,w,b
e,b,y,t,c,b
e,x,f,t,c,b
e,x,y,t,c,b
e,x,y,t,c,b
e,b,y,t,c,b
e,f,y,t,c,b
e,x,y,t,c,b
e,x,s,f,w,b
e,x,y,t,c,b
e,b,y,t,c,b
e,x,y,t,c,b
e,f,y,t,c,b
e,f,y,t,c,b
e,f,y,t,c,b
e,x,s,t,w,n
e,b,y,t,c,b
e,b,s,t,c,b
e,x,y,t,c,b
e,f,f,t,w,n
e,x,s,t,c,b
e,b,s,t,c,b
e,f,y,t,c,b
p,x,y,t,c,n
p,x,y,t,c,n
e,x,s,t,c,b
e,f,f,f,w,b
e,b,s,t,c,b
e,x,y,t,c,b
e,f,f,f,c,n
e,b,s,t,c,b
e,x,s,t,c,b
p,x,y,t,c,n
p,x,s,t,c,n
e,b,s,t,c,b
e,b,s,t,c,b
e,f,y,t,c,b
e,x,y,t,c,b
e,f,y,t,c,b
e,x,y,t,c,b
e,x,s,t,c,b
e,f,f,f,c,n
e,f,f,f,w,b
e,x,f,t,w,n
e,f,y,t,c,b
e,f,f,f,c,n
e,f,f,f,c,n
e,x,y,t,c,b
e,x,y,t,c,b
e,b,s,t,c,b
e,x,s,t,w,n
e,x,y,t,c,b
e,x,f,t,w,n
e,b,s,t,c,b
e,x,f,t,c,b
e,x,y,t,c,b
e,f,f,f,c,n
e,b,y,t,c,b
e,x,y,t,c,b
e,x,s,t,c,b
e,b,s,t,c,b
e,b,y,t,c,b
e,x,y,t,c,b
e,f,s,f,w,b
p,x,y,t,c,n
e,b,y,t,c,b
e,b,s,t,c,b
p,x,y,t,c,n
p,x,s,t,c,n
e,f,s,f,w,b
p,x,s,t,c,n
e,f,f,f,w,b
e,x,y,t,c,b
e,b,y,t,c,b
e,f,y,t,c,b
e,f,y,t,c,b
e,b,y,t,c,b
e,s,f,f,c,n
e,x,s,t,c,b
e,b,y,t,c,b
e,f,y,t,c,b
e,f,s,f,w,b
e,x,s,t,c,b
e,b,y,t,c,b
e,b,y,t,c,b
e,b,y,t,c,b
e,b,s,t,c,b
e,x,y,t,c,b
e,x,y,t,c,b
e,s,f,f,c,n
e,f,y,t,c,b
e,x,s,t,c,b
e,f,s,t,w,n
e,x,s,f,w,b
e,f,y,t,c,b
p,x,y,t,c,n
e,x,s,t,c,b
e,x,f,f,w,b
e,b,s,t,c,b
e,x,y,t,c,b
e,f,y,t,c,b
e,x,f,f,w,b
p,x,s,t,c,n
p,x,y,t,c,n
e,x,y,t,c,b
e,b,y,t,c,b
e,x,f,t,w,n
p,x,y,t,c,n
e,x,s,t,c,b
e,x,f,f,c,n
e,x,f,f,c,n
e,b,s,t,c,b
e,x,y,t,c,b
e,b,y,t,c,b
e,f,y,t,c,b
e,x,y,t,c,b
e,b,y,t,c,b
e,b,y,t,c,b
p,x,s,t,c,n
e,f,s,t,w,n
e,x,y,t,c,b
e,b,s,t,c,b
e,f,s,t,w,n
e,b,y,t,c,b
e,b,y,t,c,b
e,b,s,t,c,b
e,f,y,t,c,b
e,x,s,f,w,b
e,b,y,t,c,b
e,x,y,t,c,b
e,b,s,t,c,b
e,f,y,t,c,b
e,x,s,t,c,b
e,x,f,f,c,n
e,x,y,t,c,b
e,f,f,f,w,b
e,x,s,t,w,n
e,f,f,f,c,n
e,b,y,t,c,b
e,b,s,t,c,b
e,x,s,t,c,b
e,b,s,t,c,b
e,x,y,t,c,b
e,x,s,t,w,n
e,f,f,f,w,b
e,x,y,t,c,b
p,x,y,t,c,n
e,x,y,t,c,b
e,x,s,t,c,b
e,b,y,t,c,b
e,x,y,t,c,b
e,s,f,f,c,n
e,b,y,t,c,b
e,x,s,t,c,b
e,x,s,t,c,b
p,x,s,t,c,n
e,x,f,f,c,n
e,x,y,t,c,b
p,x,y,t,c,n
e,x,y,t,c,b
e,b,y,t,c,b
e,f,y,t,c,b
e,x,y,t,c,b
e,x,s,t,c,b
p,x,y,t,c,n
p,x,y,t,c,n
e,b,y,t,c,b
e,x,s,f,w,b
p,x,s,t,c,n
e,x,y,t,c,b
e,b,s,t,c,b
e,x,y,t,c,b
p,x,s,t,c,n
e,b,y,t,c,b
e,b,y,t,c,b
e,f,y,t,c,b
e,b,y,t,c,b
e,x,y,t,c,b
e,b,s,t,c,b
e,x,s,t,w,n
e,b,s,t,c,b
e,b,s,t,c,b
p,x,y,t,c,n
p,x,y,t,c,n
p,x,s,t,c,n
e,x,s,t,c,b
e,x,y,t,c,b
e,x,y,t,c,b
e,x,s,t,w,n
e,b,y,t,c,b
e,b,s,t,c,b
e,x,f,f,c,n
e,b,s,t,c,b
e,x,s,t,c,b
e,x,y,t,c,b
e,x,y,t,c,b
e,f,f,t,w,n
e,f,f,t,w,n
e,x,s,t,c,b
e,f,s,t,w,n
e,s,f,f,c,n
e,f,f,t,w,n
e,x,y,t,c,b
e,x,y,t,c,b
e,x,y,t,c,b
p,x,s,t,c,n
e,x,s,t,c,b
p,x,y,t,c,n
e,x,y,t,c,b
e,x,y,t,c,b
e,f,s,t,w,n
p,x,y,t,c,n
e,b,s,t,c,b
e,s,f,f,c,n
e,x,s,t,c,b
e,x,f,f,w,b
e,x,y,t,c,b
e,b,y,t,c,b
e,b,s,t,c,b
e,x,s,t,w,n
e,b,s,t,c,b
e,f,y,t,c,b
e,s,f,f,c,n
e,x,f,f,w,b
e,s,f,f,c,n
e,f,y,t,c,b
e,f,s,t,w,n
e,b,s,t,c,b
e,b,s,t,c,b
p,x,s,t,c,n
e,f,y,t,c,b
e,x,s,t,c,b
e,f,y,t,c,b
e,x,y,t,c,b
e,x,y,t,c,b
e,x,y,t,c,b
e,f,f,f,c,n
e,f,y,t,c,b
e,x,f,f,c,n
e,x,s,t,c,b
e,f,y,t,c,b
e,x,s,t,c,b
e,x,y,t,c,b
e,x,f,t,c,b
e,x,s,t,c,b
e,x,y,t,c,b
e,x,y,t,c,b
e,x,s,t,c,b
e,f,y,t,c,b
e,b,s,t,c,b
e,f,f,t,w,n
e,f,s,f,w,b
e,x,y,t,c,b
e,x,y,t,c,b
e,f,y,t,c,b
e,x,s,t,w,n
e,x,s,t,c,b
e,f,y,t,c,b
e,x,y,t,c,b
e,x,s,t,c,b
e,x,f,t,c,b
e,f,y,t,c,b
e,x,s,t,c,b
e,b,s,t,c,b
e,x,s,t,c,b
e,x,y,t,c,b
e,b,y,t,c,b
e,x,s,t,c,b
e,x,y,t,c,b
e,x,s,t,c,b
e,f,y,t,c,b
e,x,f,f,w,b
e,x,s,f,w,b
e,x,s,f,w,b
e,x,s,t,c,b
e,f,f,f,w,b
p,f,s,t,c,n
e,x,f,f,w,b
p,f,y,t,c,n
p,x,s,t,c,n
e,b,s,t,c,b
e,x,f,f,w,b
e,x,s,t,c,b
e,f,f,f,w,b
e,x,s,f,w,b
e,x,s,t,c,b
e,x,s,t,c,b
e,x,y,t,c,b
e,f,f,f,w,b
e,x,s,f,w,b
e,f,f,f,w,b
e,x,s,f,w,b
e,x,y,t,c,b
e,x,s,t,w,n
e,f,f,f,w,b
e,x,s,f,w,b
e,x,s,f,w,b
p,x,y,t,c,n
e,x,f,f,c,n
e,b,s,t,c,b
e,x,s,f,w,b
e,f,f,f,w,b
p,f,s,t,c,n
e,x,s,t,c,b
e,x,f,f,c,n
e,f,s,f,w,b
e,x,y,t,c,b
e,x,f,f,w,b
e,f,s,f,w,b
e,x,y,t,c,b
e,b,y,t,c,b
e,x,f,f,w,b
p,x,s,t,c,n
e,x,f,f,w,b
e,f,f,t,c,b
e,f,f,f,w,b
e,f,f,f,w,b
e,b,y,t,c,b
e,f,f,f,w,b
p,f,y,t,c,n
p,x,y,t,c,n
e,b,s,t,c,b
e,f,s,f,w,b
e,x,f,f,w,b
e,f,f,f,w,b
e,b,s,t,c,b
p,x,s,t,c,n
e,x,y,t,c,b
e,f,f,t,w,n
e,x,y,t,c,b
e,x,f,f,w,b
e,f,f,f,w,b
e,x,f,t,c,b
e,x,f,t,c,b
e,f,s,f,w,b
e,f,s,f,w,b
p,f,s,t,c,n
e,x,f,t,c,b
e,x,s,f,w,b
e,x,f,f,w,b
e,f,f,f,w,b
e,x,f,t,c,b
e,f,f,t,c,b
e,x,f,f,w,b
e,f,f,t,c,b
e,x,s,f,w,b
e,b,y,t,c,b
e,x,f,t,c,b
e,x,y,t,c,b
e,f,f,f,w,b
e,f,f,t,c,b
e,x,s,t,c,b
e,f,f,f,w,b
e,x,f,f,w,b
p,x,s,t,c,n
e,x,f,f,w,b
e,f,f,f,w,b
e,x,s,f,w,b
e,x,s,f,w,b
e,x,y,t,c,b
e,x,s,t,c,b
e,x,s,f,w,b
e,x,s,f,w,b
e,f,f,f,c,n
e,f,s,f,w,b
e,f,s,f,w,b
e,x,y,t,c,b
e,f,s,t,w,n
e,b,s,t,c,b
p,f,y,t,c,n
e,x,f,t,c,b
e,f,y,t,c,b
e,f,s,f,w,b
p,x,s,t,c,n
e,x,y,t,c,b
e,x,s,f,w,b
e,x,s,f,w,b
e,f,f,f,w,b
e,x,f,f,w,b
e,x,s,t,c,b
e,x,y,t,c,b
e,x,s,f,w,b
e,f,y,t,c,b
e,f,s,f,w,b
e,f,f,f,w,b
e,f,f,t,w,n
e,f,y,t,c,b
e,x,f,t,c,b
p,f,s,t,c,n
e,x,f,t,c,b
e,f,f,f,w,b
e,b,s,t,c,b
e,b,y,t,c,b
e,x,y,t,c,b
p,f,y,t,c,n
p,f,y,t,c,n
e,x,f,f,c,n
e,f,s,t,w,n
e,x,y,t,c,b
e,x,s,f,w,b
e,x,f,t,c,b
p,x,y,t,c,n
e,x,f,f,w,b
e,f,f,f,w,b
e,x,s,f,w,b
e,f,f,f,w,b
e,x,y,t,c,b
e,f,f,t,w,n
e,x,f,f,c,n
p,x,s,t,c,n
e,x,y,t,c,b
e,f,y,t,c,b
e,x,f,f,w,b
e,x,y,t,c,b
e,x,s,f,w,b
e,x,s,t,c,b
e,x,f,f,w,b
p,f,y,t,c,n
e,x,f,t,c,b
e,x,f,f,w,b
e,x,f,t,c,b
e,x,f,t,c,b
e,x,f,f,w,b
e,x,y,t,c,b
e,x,f,f,w,b
e,b,s,t,c,b
e,x,f,t,w,n
e,f,s,f,w,b
e,x,y,t,c,b
e,x,f,f,w,b
e,f,s,f,w,b
e,x,s,t,w,n
e,x,s,f,w,b
e,x,f,f,w,b
p,f,y,t,c,n
e,f,f,t,w,n
e,x,y,t,c,b
e,f,f,f,w,b
e,x,f,t,c,b
e,x,y,t,c,b
e,x,s,f,w,b
p,f,y,t,c,n
e,x,s,t,c,b
e,x,f,t,c,b
e,f,y,t,c,b
e,f,s,f,w,b
e,f,f,f,c,n
p,f,y,t,c,n
e,f,f,f,w,b
e,x,y,t,c,b
e,f,f,f,w,b
p,f,y,t,c,n
e,b,s,t,c,b
e,f,f,f,w,b
e,b,s,t,c,b
e,f,f,f,w,b
e,b,y,t,c,b
e,x,y,t,c,b
p,f,y,t,c,n
e,x,y,t,c,b
e,s,f,f,c,n
e,x,y,t,c,b
e,f,f,f,w,b
e,f,f,t,w,n
e,x,s,f,w,b
p,f,y,t,c,n
e,x,f,f,w,b
e,x,s,f,w,b
e,x,f,f,w,b
p,x,y,t,c,n
e,x,f,f,w,b
e,f,s,f,w,b
e,x,f,f,w,b
p,x,y,t,c,n
e,f,f,f,w,b
e,f,s,f,w,b
p,x,y,t,c,n
e,f,f,f,w,b
e,b,y,t,c,b
e,x,s,f,w,b
e,f,f,f,w,b
p,f,s,t,c,n
e,x,y,t,c,b
e,f,f,f,w,b
e,f,y,t,c,b
e,f,f,f,w,b
e,f,f,f,w,b
e,f,s,f,w,b
e,f,f,f,w,b
e,x,s,f,w,b
e,x,f,f,w,b
e,f,f,f,w,b
e,x,s,f,w,b
e,x,f,t,c,b
e,f,s,t,w,n
e,x,f,f,w,b
e,f,s,f,w,b
e,b,s,t,c,b
e,x,f,f,w,b
e,x,f,f,w,b
p,f,s,t,c,n
e,x,f,f,w,b
p,x,s,t,c,n
e,f,s,f,w,b
e,x,y,t,c,b
e,x,f,f,w,b
e,x,f,t,c,b
e,b,y,t,c,b
e,f,f,f,w,b
e,x,s,f,w,b
e,f,f,f,w,b
e,x,f,t,c,b
e,f,f,f,w,b
e,x,s,f,w,b
e,x,s,f,w,b
e,x,f,f,w,b
e,f,s,f,w,b
e,x,f,f,w,b
e,x,f,f,w,b
e,f,s,f,w,b
e,f,s,f,w,b
e,f,y,t,c,b
p,x,y,t,c,n
e,f,s,f,w,b
p,x,y,t,c,n
e,b,y,t,c,b
e,x,s,f,w,b
e,f,f,f,w,b
e,f,f,f,w,b
e,f,s,f,w,b
e,b,y,t,c,b
e,x,f,f,w,b
e,x,f,t,c,b
e,x,y,t,c,b
e,x,s,f,w,b
e,b,s,t,c,b
p,x,s,t,c,n
e,x,f,t,c,b
e,f,s,f,w,b
e,b,s,t,c,b
e,x,s,f,w,b
e,x,f,t,c,b
e,f,f,f,w,b
e,x,f,f,c,n
e,x,f,f,c,n
e,x,f,f,c,n
e,b,y,t,c,b
e,f,f,f,c,n
e,x,f,f,w,b
e,f,y,t,c,b
e,x,y,t,c,b
e,x,y,t,c,b
e,f,f,f,w,b
e,x,y,t,c,b
e,x,y,t,c,b
e,f,s,f,w,b
e,f,s,f,w,b
p,f,s,t,c,n
e,x,y,t,c,b
e,x,f,f,w,b
e,x,f,f,w,b
e,x,s,t,c,b
e,x,f,t,c,b
e,f,y,t,c,b
e,b,s,t,c,b
p,x,s,t,c,n
e,x,f,f,w,b
e,b,y,t,c,b
e,x,s,t,c,b
e,b,y,t,c,b
e,x,y,t,c,b
e,x,s,t,c,b
e,b,s,t,c,b
e,f,s,f,w,b
p,f,s,t,c,n
e,f,s,f,w,b
e,f,f,f,w,b
p,f,y,t,c,n
e,f,s,f,w,b
e,x,f,f,w,b
e,x,s,f,w,b
e,f,s,f,w,b
e,f,y,t,c,b
e,x,f,f,w,b
e,x,f,f,w,b
p,f,s,t,c,n
e,x,s,f,w,b
e,f,f,f,w,b
e,f,f,f,w,b
e,f,f,f,w,b
e,x,y,t,c,b
e,x,s,f,w,b
e,x,f,f,w,b
e,f,f,f,w,b
e,f,s,f,w,b
e,x,f,f,w,b
e,x,y,t,c,b
e,x,f,f,w,b
p,x,s,t,c,n
e,x,y,t,c,b
e,x,f,f,w,b
p,f,y,t,c,n
e,f,f,f,w,b
e,x,f,f,w,b
e,f,s,f,w,b
e,f,f,f,w,b
e,f,s,f,w,b
e,f,f,f,w,b
e,x,s,f,w,b
e,x,s,f,w,b
p,f,s,t,c,n
e,x,s,f,w,b
p,x,s,t,c,n
p,f,s,t,c,n
e,f,s,f,w,b
e,x,f,f,w,b
e,f,s,f,w,b
e,x,s,f,w,b
e,f,f,f,w,b
e,f,f,f,w,b
e,x,y,t,c,b
e,x,f,t,c,b
e,f,s,f,w,b
p,f,y,t,c,n
p,f,y,t,c,n
e,x,s,f,w,b
p,f,s,t,c,n
e,f,f,f,w,b
e,f,s,f,w,b
p,f,s,t,c,n
p,f,y,t,c,n
p,f,y,t,c,n
p,f,s,t,c,n
e,x,s,f,w,b
e,x,f,t,c,b
e,f,s,f,w,b
e,f,f,f,w,b
p,f,y,t,c,n
e,x,s,f,w,b
e,x,y,t,c,b
e,f,s,f,w,b
e,x,s,f,w,b
p,f,s,t,c,n
e,f,f,f,w,b
e,x,f,f,w,b
p,f,s,t,c,n
e,x,f,f,w,b
e,f,f,f,w,b
e,x,s,f,w,b
e,f,s,f,w,b
e,b,y,t,c,b
e,x,s,f,w,b
e,x,f,f,w,b
e,x,s,f,w,b
e,x,f,f,w,b
e,f,f,f,w,b
p,x,y,t,c,n
e,f,s,f,w,b
e,x,f,t,c,b
e,f,s,f,w,b
e,x,f,t,c,b
e,x,f,f,w,b
e,x,f,f,w,b
p,f,s,t,c,n
p,f,s,t,c,n
e,x,s,f,w,b
e,x,f,t,c,b
e,x,s,f,w,b
e,x,y,t,c,b
e,f,s,f,w,b
e,x,s,f,w,b
e,x,f,f,w,b
e,f,s,f,w,b
e,x,f,t,c,b
e,f,s,f,w,b
e,f,s,f,w,b
e,f,f,f,w,b
e,f,s,f,w,b
e,f,s,f,w,b
e,f,s,f,w,b
e,f,f,f,w,b
e,f,s,f,w,b
p,f,s,t,c,n
e,x,f,f,w,b
e,b,y,t,c,b
e,f,f,f,w,b
e,f,s,f,w,b
e,x,f,t,c,b
e,b,s,t,c,b
e,x,s,f,w,b
e,f,f,t,c,b
p,x,s,t,c,n
e,f,f,f,w,b
p,f,y,t,c,n
e,x,s,f,w,b
e,f,s,f,w,b
e,b,s,t,c,b
e,f,s,f,w,b
e,x,s,f,w,b
e,f,f,f,w,b
e,x,f,f,w,b
e,f,s,f,w,b
p,f,s,t,c,n
e,f,f,f,w,b
e,f,s,f,w,b
e,x,f,t,c,b
e,x,s,f,w,b
e,x,f,t,c,b
e,x,y,t,c,b
e,f,f,f,w,b
e,x,s,f,w,b
e,f,f,f,w,b
p,f,s,t,c,n
e,f,f,t,c,b
e,f,s,f,w,b
e,f,f,f,w,b
p,f,y,t,c,n
e,x,s,f,w,b
e,x,f,t,c,b
e,x,y,t,c,b
e,x,y,t,c,b
e,f,s,f,w,b
e,f,s,f,w,b
e,f,s,f,w,b
e,x,s,f,w,b
e,f,f,f,w,b
e,x,f,f,w,b
e,f,f,f,w,b
e,f,f,f,w,b
e,f,s,f,w,b
e,f,f,f,w,b
p,f,y,t,c,n
e,f,f,f,w,b
e,f,s,f,w,b
e,x,f,f,w,b
e,f,f,f,w,b
e,x,f,f,w,b
e,f,s,f,w,b
e,x,f,t,c,b
e,f,f,f,w,b
e,f,f,f,w,b
e,x,s,f,w,b
e,x,f,f,w,b
e,b,s,t,c,b
p,x,y,t,c,n
p,f,s,t,c,n
e,f,f,f,w,b
e,f,f,f,w,b
p,f,y,t,c,n
e,f,f,f,w,b
p,x,s,t,c,n
e,f,s,f,w,b
p,f,y,t,c,n
e,f,s,f,w,b
e,f,s,f,w,b
e,x,f,f,w,b
e,f,f,f,w,b
e,x,f,t,c,b
e,x,f,t,c,b
e,x,f,f,w,b
e,x,f,t,c,b
e,x,s,f,w,b
e,f,s,f,w,b
e,x,s,f,w,b
e,f,f,f,w,b
e,x,f,t,c,b
e,x,s,f,w,b
e,x,s,f,w,b
e,f,s,f,w,b
p,f,y,t,c,n
e,f,s,f,w,b
e,f,y,t,c,b
e,x,f,t,c,b
e,f,s,f,w,b
e,x,s,f,w,b
p,f,y,t,c,n
e,x,s,f,w,b
e,x,s,f,w,b
e,f,s,f,w,b
e,f,s,f,w,b
e,x,f,f,w,b
e,f,s,f,w,b
e,f,s,f,w,b
e,x,f,f,w,b
e,f,f,f,w,b
e,f,f,f,w,b
e,x,y,t,c,b
e,x,s,f,w,b
e,x,s,f,w,b
e,f,s,f,w,b
p,x,s,t,c,n
e,x,s,f,w,b
e,x,f,t,c,b
e,f,f,f,w,b
e,x,s,f,w,b
e,f,f,f,w,b
e,f,s,f,w,b
e,x,s,f,w,b
e,f,y,t,c,b
p,f,y,t,c,n
e,x,s,f,w,b
e,x,f,t,c,b
p,f,y,t,c,n
p,x,s,t,c,n
p,f,s,t,c,n
e,x,f,t,c,b
e,b,y,t,c,b
p,f,y,t,c,n
e,f,f,f,w,b
e,x,s,f,w,b
e,x,f,t,c,b
e,x,s,f,w,b
e,f,f,f,w,b
e,f,f,f,w,b
p,f,y,t,c,n
p,f,y,t,c,n
e,x,s,f,w,b
e,f,f,f,w,b
e,x,f,t,c,b
e,f,s,f,w,b
e,f,f,f,w,b
p,f,s,t,c,n
e,x,f,f,w,b
p,f,y,t,c,n
e,x,s,f,w,b
e,f,f,f,w,b
e,x,s,f,w,b
e,x,f,t,c,b
e,x,s,f,w,b
p,f,s,t,c,n
e,x,f,t,c,b
e,x,s,f,w,b
e,f,s,f,w,b
e,x,s,t,w,n
e,x,f,f,w,b
e,x,y,t,c,b
e,x,f,t,c,b
e,x,s,t,w,n
e,f,f,f,w,b
e,x,s,f,w,b
e,x,y,t,c,b
e,f,s,f,w,b
p,f,s,t,c,n
e,f,f,f,w,b
e,x,f,f,w,b
e,f,f,f,w,b
e,f,s,f,w,b
e,x,f,f,w,b
p,f,y,t,c,n
e,x,f,f,w,b
e,f,s,f,w,b
e,x,s,f,w,b
e,x,f,f,w,b
e,x,s,f,w,b
e,f,y,t,c,b
p,x,y,t,c,n
e,x,f,f,w,b
e,f,s,f,w,b
e,x,s,f,w,b
p,f,y,t,c,n
e,f,f,f,w,b
p,f,s,t,c,n
e,f,s,f,w,b
e,x,s,f,w,b
e,x,f,f,w,b
e,f,f,f,w,b
e,f,s,f,w,b
e,x,s,f,w,b
e,x,f,f,w,b
e,x,f,f,w,b
e,f,f,f,w,b
e,b,y,t,c,b
e,f,f,f,w,b
e,x,f,f,w,b
e,f,f,f,w,b
e,x,f,t,c,b
p,f,s,t,c,n
e,x,f,t,c,b
e,x,f,f,w,b
e,x,f,t,c,b
e,x,f,f,w,b
e,f,s,f,w,b
e,f,s,f,w,b
e,x,y,t,c,b
e,x,f,t,w,n
e,f,f,f,w,b
e,f,f,f,w,b
e,f,f,f,w,b
e,b,y,t,c,b
e,x,f,f,w,b
e,x,y,t,c,b
e,f,s,f,w,b
e,x,s,f,w,b
e,x,f,f,w,b
e,x,s,f,w,b
e,x,s,f,w,b
e,x,y,t,c,b
e,f,s,f,w,b
e,x,y,t,c,b
e,x,s,f,w,b
p,f,y,t,c,n
e,f,s,f,w,b
p,f,s,t,c,n
e,f,s,f,w,b
e,f,f,f,w,b
p,x,s,t,c,n
e,x,s,f,w,b
p,x,s,t,c,n
e,x,s,f,w,b
e,f,s,f,w,b
p,f,y,t,c,n
e,x,f,f,w,b
e,x,s,f,w,b
e,x,f,f,w,b
e,x,f,f,w,b
e,x,y,t,c,b
p,f,s,t,c,n
e,f,f,f,w,b
e,x,y,t,c,b
e,x,f,f,w,b
e,f,f,f,w,b
e,b,s,t,c,b
e,f,s,f,w,b
e,f,f,f,w,b
e,f,f,f,w,b
p,f,s,t,c,n
e,x,s,f,w,b
e,b,y,t,c,b
e,f,s,f,w,b
e,f,s,f,w,b
e,x,f,f,w,b
e,f,s,f,w,b
e,x,f,f,w,b
e,x,f,t,c,b
e,b,y,t,c,b
e,x,f,t,c,b
p,f,y,t,c,n
e,x,s,f,w,b
p,f,s,t,c,n
e,f,s,f,w,b
e,f,f,f,w,b
e,x,f,f,w,b
e,x,f,f,w,b
e,f,s,f,w,b
e,x,s,t,c,b
e,f,s,f,w,b
e,x,s,f,w,b
p,x,y,t,c,n
e,f,f,f,w,b
p,f,y,t,c,n
e,f,f,f,w,b
e,x,f,t,c,b
e,x,f,f,w,b
p,f,s,t,c,n
e,f,s,f,w,b
p,x,s,t,c,n
e,x,f,t,c,b
e,x,f,f,w,b
e,x,y,t,c,b
e,f,f,f,w,b
e,f,s,f,w,b
e,x,f,f,w,b
e,f,f,f,w,b
e,f,f,f,w,b
e,x,f,f,w,b
e,f,f,f,w,b
e,x,f,t,c,b
e,x,s,f,w,b
e,f,s,f,w,b
e,x,y,t,c,b
e,x,y,t,c,b
e,f,s,f,w,b
e,f,f,f,w,b
e,f,s,f,w,b
e,f,f,f,w,b
e,f,f,f,w,b
e,f,s,f,w,b
e,x,s,f,w,b
e,x,f,t,c,b
e,x,s,f,w,b
e,x,f,f,w,b
e,f,s,f,w,b
e,x,f,f,c,n
p,f,s,t,c,n
p,f,s,t,c,n
e,x,f,t,c,b
e,x,s,f,w,b
e,f,f,f,w,b
e,x,s,f,w,b
e,x,f,f,w,b
e,x,s,f,w,b
e,f,f,f,w,b
e,f,s,f,w,b
e,f,s,f,w,b
e,x,f,t,c,b
p,f,y,t,c,n
e,x,f,f,w,b
e,x,f,t,c,b
p,f,s,t,c,n
p,f,s,t,c,n
p,f,s,t,c,n
e,f,f,f,w,b
e,f,s,f,w,b
e,f,f,f,w,b
e,x,s,f,w,b
e,f,s,f,w,b
p,f,s,t,c,n
p,f,s,t,c,n
e,f,s,f,w,b
e,x,s,f,w,b
e,x,s,f,w,b
e,x,f,t,c,b
e,x,f,t,c,b
e,f,f,f,w,b
e,f,f,f,w,b
e,x,f,f,w,b
e,x,s,t,c,b
e,f,s,f,w,b
e,x,s,f,w,b
e,x,f,f,w,b
e,x,f,f,w,b
e,x,s,f,w,b
e,x,s,f,w,b
e,x,s,f,w,b
e,x,s,f,w,b
e,f,s,f,w,b
e,x,s,f,w,b
e,f,f,f,w,b
e,f,f,f,w,b
e,x,f,f,w,b
e,f,f,f,w,b
e,x,f,f,w,b
e,x,y,t,c,b
e,x,s,t,c,b
e,x,s,f,w,b
p,x,y,t,c,n
e,x,f,f,w,b
p,x,s,t,c,n
e,x,y,t,c,b
p,f,s,t,c,n
e,x,y,t,c,b
e,x,y,t,c,b
e,f,y,t,c,b
e,x,s,f,w,b
e,f,s,f,w,b
e,x,s,f,w,b
e,x,s,f,w,b
e,f,s,f,w,b
e,f,s,f,w,b
e,x,s,f,w,b
e,b,s,t,c,b
e,x,s,f,w,b
e,x,s,t,c,b
p,f,y,t,c,n
e,f,s,f,w,b
e,f,s,f,w,b
e,f,s,f,w,b
e,f,f,f,w,b
e,x,y,t,c,b
e,x,f,t,c,b
e,x,y,t,c,b
e,x,f,t,c,b
e,f,f,f,w,b
e,f,s,f,w,b
e,f,s,f,w,b
e,x,f,f,w,b
e,f,s,f,w,b
e,f,f,f,w,b
e,x,f,f,w,b
e,x,s,f,w,b
e,x,f,t,c,b
e,f,s,f,w,b
e,f,f,f,w,b
p,f,y,t,c,n
e,x,f,t,c,b
e,x,f,f,w,b
e,f,f,f,w,b
p,f,y,t,c,n
e,f,f,f,w,b
e,x,f,t,c,b
e,x,f,f,w,b
e,x,f,f,w,b
e,x,f,t,c,b
e,x,s,f,w,b
e,f,f,f,w,b
e,x,f,t,c,b
e,x,y,t,c,b
e,x,y,t,c,b
e,f,s,f,w,b
e,f,s,f,w,b
e,f,s,f,w,b
e,f,s,f,w,b
e,x,f,f,w,b
e,x,s,f,w,b
e,b,y,t,c,b
p,f,y,t,c,n
e,x,s,f,w,b
e,f,s,f,w,b
e,x,y,t,c,b
e,x,s,f,w,b
e,f,s,f,w,b
p,x,s,t,c,n
e,f,s,f,w,b
e,x,f,f,w,b
p,f,s,t,c,n
e,x,f,f,w,b
e,x,s,f,w,b
e,x,f,t,c,b
e,f,s,f,w,b
p,f,s,t,c,n
e,x,f,f,w,b
e,f,f,f,w,b
e,f,s,f,w,b
e,x,f,f,w,b
e,f,y,t,c,b
p,f,s,t,c,n
e,x,f,f,w,b
e,f,f,f,c,n
p,f,y,t,c,n
e,f,s,f,w,b
e,x,f,f,w,b
e,f,y,t,c,b
e,x,f,f,w,b
e,x,f,f,w,b
p,f,y,t,c,n
e,f,f,f,w,b
e,f,f,f,w,b
e,x,f,f,w,b
e,x,f,t,c,b
e,x,s,f,w,b
e,x,s,f,w,b
e,x,f,f,w,b
e,f,f,f,w,b
e,x,f,t,c,b
e,x,s,f,w,b
p,x,s,t,c,n
e,f,s,f,w,b
e,x,s,f,w,b
e,x,f,t,c,b
e,x,y,t,c,b
e,x,s,f,w,b
e,x,f,f,w,b
e,x,f,f,w,b
e,x,y,t,c,b
e,x,f,t,c,b
e,x,f,f,w,b
e,x,f,f,w,b
p,f,s,t,c,n
p,f,s,t,c,n
e,x,s,f,w,b
e,x,f,f,c,n
e,f,s,f,w,b
e,x,s,f,w,b
p,f,s,t,c,n
e,b,s,t,c,b
e,x,f,f,w,b
p,f,y,t,c,n
e,x,s,f,w,b
e,x,s,f,w,b
e,x,s,f,w,b
p,f,s,t,c,n
e,f,s,f,w,b
e,x,f,f,w,b
e,f,f,f,w,b
e,x,f,f,w,b
p,f,y,t,c,n
e,x,f,f,w,b
e,f,s,f,w,b
p,f,y,t,c,n
e,f,s,f,w,b
e,f,y,t,c,b
e,x,f,f,w,b
e,x,f,t,c,b
e,x,y,t,c,b
e,f,f,t,c,b
e,f,y,t,c,b
e,f,s,f,w,b
e,x,f,t,c,b
e,x,y,t,c,b
e,x,f,f,w,b
p,f,s,t,c,n
e,f,f,t,c,b
p,x,s,t,c,n
e,x,s,t,c,b
e,x,s,f,w,b
e,x,y,t,c,b
p,x,f,f,c,b
e,f,s,f,w,b
e,f,s,f,w,b
e,x,f,t,c,b
e,f,s,f,w,b
e,x,f,f,w,b
p,x,s,t,c,n
e,f,f,t,c,b
e,x,y,t,c,b
e,f,f,f,w,b
e,x,y,t,c,b
e,f,f,f,w,b
e,x,s,f,w,b
e,x,y,t,c,b
e,x,y,t,c,b
e,x,f,t,c,b
e,f,s,f,w,b
e,x,f,t,c,b
e,x,f,t,c,b
e,x,f,t,c,b
e,x,y,t,c,b
e,f,f,f,w,b
e,x,y,t,c,b
e,x,s,f,w,b
e,x,f,f,w,b
e,f,f,f,w,b
e,x,y,t,c,b
p,f,y,t,c,n
e,x,y,t,c,b
e,f,f,f,w,b
e,f,s,f,w,b
e,x,y,t,c,b
e,f,f,t,c,b
e,x,f,t,c,b
e,f,f,t,c,b
e,x,s,f,w,b
e,x,f,t,c,b
e,x,f,t,c,b
e,x,f,t,c,b
e,x,f,t,c,b
e,x,f,t,w,n
e,x,f,t,c,b
p,f,s,t,c,n
e,x,s,f,w,b
e,x,f,t,c,b
e,x,y,t,c,b
e,x,f,f,w,b
e,x,f,t,c,b
e,x,s,f,w,b
e,x,y,t,c,b
e,x,y,t,c,b
e,x,s,f,w,b
e,x,s,f,w,b
e,x,s,f,w,b
e,x,s,f,w,b
e,f,f,t,c,b
e,f,f,f,w,b
e,f,f,f,w,b
e,x,y,t,c,b
e,x,f,t,c,b
e,x,y,t,c,b
e,x,f,t,c,b
e,f,s,f,w,b
e,x,s,f,w,b
e,x,s,f,w,b
e,x,f,f,w,b
e,x,f,t,c,b
e,x,f,t,c,b
e,f,f,t,c,b
e,f,f,t,w,n
e,f,f,f,w,b
p,f,y,t,c,n
e,f,f,t,c,b
e,x,f,t,c,b
e,x,s,f,w,b
e,x,f,f,w,b
e,x,s,f,w,b
e,x,f,f,w,b
e,x,s,f,w,b
e,x,y,t,c,b
e,x,f,t,c,b
e,f,s,f,w,b
e,f,s,f,w,b
e,x,s,f,w,b
e,f,f,t,c,b
e,x,s,f,w,b
e,f,f,f,w,b
e,f,s,f,w,b
e,x,f,f,w,b
e,f,f,f,w,b
e,f,f,f,w,b
e,x,f,t,c,b
e,f,s,f,w,b
e,f,s,f,w,b
e,x,y,t,c,b
e,x,y,t,c,b
e,x,y,t,c,b
e,x,f,f,w,b
e,f,f,f,w,b
e,f,y,t,c,b
p,f,y,t,c,n
e,f,s,f,w,b
e,f,f,f,w,b
e,f,f,t,c,b
e,x,f,t,c,b
e,f,f,f,w,b
e,x,f,f,w,b
e,x,f,f,w,b
e,x,y,t,c,b
e,f,f,t,c,b
e,x,f,f,w,b
e,x,f,f,w,b
e,f,s,f,w,b
e,f,s,f,w,b
p,f,y,t,c,n
e,b,s,t,c,b
e,x,f,t,c,b
e,f,f,f,w,b
e,x,f,f,w,b
e,x,s,f,w,b
e,f,s,t,w,n
e,x,f,f,w,b
e,x,s,f,w,b
e,x,s,f,w,b
e,x,y,t,c,b
e,f,f,t,c,b
e,x,f,t,c,b
e,f,f,f,w,b
e,f,s,f,w,b
p,f,s,t,c,n
e,f,f,f,w,b
e,x,y,t,c,b
e,x,y,t,c,b
e,x,f,f,w,b
e,x,f,t,c,b
e,x,y,t,c,b
e,x,f,t,c,b
e,x,f,t,c,b
e,x,f,t,c,b
p,x,s,t,c,n
e,x,f,f,w,b
e,x,y,t,c,b
e,x,f,t,c,b
p,f,y,t,c,n
e,x,f,t,c,b
e,x,f,f,w,b
e,x,f,t,c,b
e,f,f,f,w,b
e,f,s,f,w,b
e,f,s,f,w,b
e,x,y,t,c,b
e,f,s,f,w,b
e,f,f,t,c,b
e,f,s,f,w,b
e,x,f,f,w,b
e,f,f,f,w,b
p,x,s,t,c,n
e,x,f,t,c,b
e,f,s,f,w,b
p,f,y,t,c,n
e,x,f,t,c,b
e,x,f,t,c,b
e,f,f,f,w,b
e,x,f,t,c,b
e,f,f,f,w,b
e,x,f,f,w,b
e,x,y,t,c,b
e,x,s,f,w,b
e,x,y,t,c,b
e,x,f,t,c,b
e,x,s,f,w,b
p,f,y,t,c,n
e,x,f,t,c,b
p,f,s,t,c,n
p,f,y,t,c,n
e,x,f,t,c,b
e,f,s,f,w,b
e,x,f,t,c,b
e,x,f,f,w,b
e,x,f,t,c,b
e,f,s,f,w,b
e,f,f,f,w,b
e,x,s,f,w,b
e,x,s,f,w,b
e,x,f,t,c,b
e,x,y,t,c,b
e,f,s,f,w,b
e,x,f,t,c,b
p,f,y,t,c,n
e,x,y,t,c,b
p,f,s,t,c,n
e,f,f,f,w,b
e,f,f,f,w,b
p,f,s,t,c,n
e,x,s,f,w,b
e,x,f,f,w,b
e,x,f,t,c,b
e,f,f,f,w,b
e,x,f,f,w,b
e,f,s,f,w,b
e,f,f,f,w,b
e,f,s,t,w,n
e,f,f,t,w,n
e,f,f,f,w,b
e,x,f,t,c,b
e,x,y,t,c,b
e,x,f,t,c,b
e,x,f,f,w,b
e,x,f,t,c,b
e,x,f,t,c,b
e,x,f,f,w,b
e,x,f,t,c,b
e,x,s,f,w,b
e,b,y,t,c,b
e,x,y,t,c,b
e,f,s,f,w,b
e,x,f,t,c,b
e,f,y,t,c,b
e,x,y,t,c,b
e,x,s,f,w,b
e,x,s,f,w,b
e,x,f,f,w,b
e,x,s,f,w,b
e,x,y,t,c,b
e,f,f,t,c,b
e,f,f,t,c,b
e,x,f,f,w,b
e,f,s,f,w,b
e,x,f,f,w,b
e,x,y,t,c,b
e,x,f,t,c,b
e,x,f,f,w,b
e,x,y,t,c,b
e,f,f,t,c,b
e,x,f,f,w,b
e,x,y,t,c,b
e,x,s,f,w,b
e,f,s,f,w,b
e,f,f,t,c,b
e,f,f,f,w,b
e,x,f,t,c,b
e,x,f,t,c,b
e,x,f,f,w,b
e,x,s,t,c,b
e,f,s,f,w,b
p,f,y,t,c,n
e,f,f,f,w,b
e,x,f,t,c,b
e,x,f,f,w,b
e,x,y,t,c,b
e,x,y,t,c,b
p,f,s,t,c,n
e,f,s,f,w,b
e,x,f,t,c,b
e,f,f,t,c,b
e,x,f,t,c,b
e,x,f,t,c,b
e,x,f,t,c,b
p,x,s,t,c,n
e,x,s,t,c,b
e,x,f,t,c,b
e,f,y,t,c,b
e,x,s,f,w,b
e,x,y,t,c,b
e,x,f,f,w,b
e,f,s,f,w,b
e,x,f,t,c,b
e,f,f,t,c,b
e,f,f,f,w,b
e,f,f,f,w,b
e,f,f,f,w,b
e,x,f,t,c,b
e,x,f,t,c,b
p,f,y,t,c,n
e,x,y,t,c,b
e,x,s,f,w,b
e,b,s,t,c,b
e,x,s,f,w,b
e,f,f,f,w,b
e,x,y,t,c,b
e,f,f,t,c,b
e,x,f,f,w,b
p,x,s,t,c,n
e,x,s,f,w,b
e,x,y,t,c,b
e,f,f,t,c,b
e,x,y,t,c,b
e,x,f,t,c,b
e,f,f,t,c,b
e,x,f,t,c,b
e,f,f,t,c,b
e,x,y,t,c,b
e,x,f,t,c,b
e,f,f,t,c,b
e,x,f,t,c,b
e,x,y,t,c,b
p,x,s,t,c,n
e,x,f,t,c,b
e,x,y,t,c,b
e,x,f,t,c,b
e,x,y,t,c,b
e,x,y,t,c,b
e,x,f,t,c,b
e,x,y,t,c,b
e,x,f,t,c,b
e,f,y,t,c,b
e,f,f,t,c,b
e,x,f,t,c,b
e,f,y,t,c,b
e,x,y,t,c,b
e,x,f,t,c,b
e,x,y,t,c,b
p,x,f,f,c,b
p,f,s,t,c,n
e,x,f,t,c,b
e,x,f,f,w,b
e,x,y,t,c,b
e,f,f,t,c,b
e,x,f,t,c,b
e,x,y,t,c,b
e,x,y,t,c,b
e,x,f,t,c,b
e,x,y,t,c,b
e,x,f,t,c,b
e,x,f,t,c,b
e,x,y,t,c,b
e,x,y,t,c,b
e,x,y,t,c,b
e,f,y,t,c,b
e,f,y,t,c,b
e,x,y,t,c,b
p,f,s,t,c,n
e,f,f,t,c,b
p,x,s,t,c,n
e,x,f,t,c,b
e,f,f,t,c,b
e,x,y,t,c,b
e,f,f,t,c,b
e,x,f,t,c,b
e,x,f,t,c,b
e,x,y,t,c,b
e,f,f,t,c,b
e,f,f,t,c,b
e,x,f,t,c,b
e,x,f,t,c,b
e,x,f,t,c,b
e,f,f,t,c,b
e,x,y,t,c,b
e,f,f,t,c,b
e,x,f,t,c,b
e,x,y,t,c,b
e,x,f,t,c,b
e,x,y,t,c,b
e,x,y,t,c,b
e,x,y,t,c,b
e,x,f,t,c,b
e,f,f,t,c,b
e,x,y,t,c,b
e,x,y,t,c,b
e,f,f,t,c,b
e,f,f,t,c,b
e,x,y,t,c,b
p,x,f,f,c,b
e,x,y,t,c,b
e,x,f,t,c,b
e,x,y,t,c,b
e,f,f,t,c,b
e,x,y,t,c,b
e,f,f,t,c,b
e,f,y,t,c,b
e,f,f,t,c,b
e,x,f,t,c,b
e,x,f,t,c,b
e,x,f,t,c,b
e,x,f,t,c,b
e,x,f,t,c,b
e,x,s,f,w,b
e,x,y,t,c,b
e,f,f,t,c,b
e,x,y,t,c,b
e,f,f,t,c,b
e,x,f,t,c,b
e,x,f,t,c,b
e,f,f,t,c,b
e,x,s,f,w,b
e,x,f,t,c,b
e,f,f,t,c,b
e,f,f,t,c,b
e,x,y,t,c,b
e,x,f,t,c,b
e,x,y,t,c,b
e,x,f,t,c,b
e,f,y,t,c,b
e,x,y,t,c,b
p,x,s,f,w,n
e,x,y,t,c,b
e,f,f,t,c,b
e,x,y,t,c,b
e,f,f,t,c,b
e,x,y,t,c,b
e,x,f,t,c,b
e,f,f,t,c,b
e,x,y,t,c,b
e,x,y,t,c,b
e,x,f,t,c,b
e,f,f,t,c,b
e,x,y,t,c,b
e,x,y,t,c,b
e,f,f,t,c,b
e,x,f,t,c,b
e,x,f,t,c,b
e,x,f,f,w,b
e,x,y,t,c,b
e,x,f,t,c,b
e,x,y,t,c,b
e,x,f,t,c,b
e,x,f,t,c,b
e,f,y,t,c,b
e,f,y,t,c,b
e,x,y,t,c,b
e,x,y,t,c,b
e,f,f,f,w,b
p,x,f,f,c,b
e,x,f,t,c,b
e,x,y,t,c,b
p,f,s,t,c,n
e,f,y,t,c,b
e,x,f,t,c,b
e,x,y,t,c,b
e,x,f,t,c,b
e,x,y,t,c,b
e,x,f,f,w,b
e,x,f,t,c,b
e,f,f,t,c,b
e,x,y,t,c,b
e,f,f,t,c,b
e,f,f,f,w,b
e,f,f,t,c,b
e,x,y,t,c,b
e,f,f,t,c,b
e,f,y,t,c,b
e,x,f,t,c,b
e,x,y,t,c,b
e,x,y,t,c,b
e,f,s,f,w,b
e,x,f,t,c,b
e,f,f,t,c,b
e,x,y,t,c,b
e,x,y,t,c,b
e,x,y,t,c,b
e,f,s,f,w,b
e,x,y,t,c,b
e,x,y,t,c,b
e,x,f,t,c,b
e,f,f,t,c,b
e,f,f,f,w,b
e,f,f,t,c,b
e,x,y,t,c,b
e,f,f,t,c,b
e,x,y,t,c,b
e,x,f,t,c,b
e,x,f,t,c,b
e,x,f,t,c,b
e,f,f,t,c,b
e,x,f,t,c,b
e,x,y,t,c,b
e,x,f,t,c,b
e,f,f,t,c,b
e,x,y,t,c,b
p,x,s,f,w,n
e,f,y,t,c,b
e,f,f,t,c,b
p,f,s,t,c,n
e,x,y,t,c,b
e,x,y,t,c,b
e,x,y,t,c,b
e,x,y,t,c,b
e,x,y,t,c,b
e,x,f,t,c,b
e,f,s,f,w,b
e,x,y,t,c,b
e,x,f,f,w,b
e,x,f,t,c,b
e,x,y,t,c,b
e,x,y,t,c,b
e,x,y,t,c,b
e,x,f,t,c,b
e,x,f,t,c,b
e,x,y,t,c,b
e,x,y,t,c,b
e,f,y,t,c,b
e,x,f,t,c,b
e,x,y,t,c,b
e,x,f,t,c,b
e,x,f,t,c,b
e,f,f,t,c,b
e,f,f,t,c,b
e,x,y,t,c,b
e,x,f,t,c,b
e,f,y,t,c,b
e,x,y,t,c,b
e,f,y,t,c,b
e,x,y,t,c,b
e,f,f,t,c,b
e,x,y,t,c,b
e,x,y,t,c,b
e,x,y,t,c,b
e,x,f,t,c,b
e,x,f,t,c,b
e,x,f,t,c,b
e,f,f,t,c,b
e,f,y,t,c,b
e,x,f,t,c,b
e,x,y,t,c,b
e,f,f,t,c,b
e,x,y,t,c,b
e,f,f,t,c,b
e,x,y,t,c,b
e,x,y,t,c,b
e,x,f,t,c,b
e,x,f,t,c,b
e,f,f,t,c,b
e,x,f,t,c,b
e,x,y,t,c,b
e,x,y,t,c,b
e,x,y,t,c,b
e,x,f,t,c,b
e,f,f,t,c,b
e,x,y,t,c,b
e,x,y,t,c,b
e,x,f,f,w,b
e,f,y,t,c,b
e,f,s,f,w,b
e,f,f,t,c,b
e,x,y,t,c,b
p,f,y,t,c,n
e,x,y,t,c,b
e,f,f,t,c,b
e,x,f,t,c,b
e,x,f,t,c,b
e,f,f,t,c,b
e,x,y,t,c,b
e,x,y,t,c,b
e,x,y,t,c,b
e,x,y,t,c,b
e,f,f,t,c,b
e,x,y,t,c,b
e,x,y,t,c,b
e,x,f,t,c,b
e,f,f,t,c,b
e,x,f,t,c,b
e,f,s,f,w,b
e,x,y,t,c,b
e,x,f,t,c,b
e,x,f,t,c,b
e,x,f,t,c,b
e,f,f,t,c,b
e,x,f,t,c,b
e,x,y,t,c,b
p,f,s,t,c,n
e,x,f,t,c,b
e,f,s,f,w,b
e,x,s,f,w,b
e,x,f,t,c,b
e,f,f,t,c,b
e,x,f,t,c,b
e,x,y,t,c,b
e,f,f,t,c,b
e,x,f,t,c,b
p,x,f,f,c,b
e,x,y,t,c,b
e,x,f,f,w,b
p,x,s,t,c,n
e,x,y,t,c,b
e,f,f,t,c,b
e,x,f,t,c,b
e,x,y,t,c,b
e,x,y,t,c,b
e,f,f,t,c,b
e,f,f,t,c,b
e,x,f,t,c,b
e,f,f,t,c,b
e,x,y,t,c,b
e,x,f,t,c,b
p,x,s,t,c,n
e,f,f,t,c,b
e,x,f,t,c,b
e,f,y,t,c,b
e,f,y,t,c,b
e,x,y,t,c,b
e,x,y,t,c,b
e,x,f,t,c,b
e,x,y,t,c,b
e,f,f,t,c,b
e,x,f,t,c,b
e,f,f,t,c,b
e,x,y,t,c,b
e,x,y,t,c,b
e,x,f,t,c,b
e,x,y,t,c,b
e,f,f,t,c,b
e,x,y,t,c,b
e,x,y,t,c,b
e,f,f,t,c,b
e,x,f,t,c,b
e,x,f,t,c,b
e,x,y,t,c,b
e,f,f,t,c,b
e,x,f,t,c,b
e,f,f,t,c,b
p,x,s,f,c,n
e,x,f,t,c,b
e,f,f,t,c,b
e,x,f,t,c,b
e,f,f,t,c,b
e,x,y,t,c,b
e,x,f,t,c,b
e,x,f,t,c,b
e,x,f,t,c,b
e,x,f,t,c,b
e,f,f,t,c,b
e,x,f,t,c,b
e,f,y,t,c,b
e,f,y,t,c,b
e,x,y,t,c,b
e,x,y,t,c,b
e,x,f,t,c,b
p,x,f,f,c,b
e,x,y,t,c,b
e,x,y,t,c,b
e,x,f,t,c,b
e,f,f,t,c,b
e,f,f,t,c,b
e,f,f,t,c,b
e,f,f,t,c,b
e,x,y,t,c,b
e,x,f,f,w,b
e,x,y,t,c,b
e,x,f,t,c,b
e,f,f,t,c,b
e,x,y,t,c,b
e,x,f,t,c,b
e,x,f,t,c,b
e,x,y,t,c,b
e,x,f,t,c,b
e,f,f,t,c,b
e,x,y,t,c,b
e,x,y,t,c,b
e,f,f,t,c,b
e,x,f,t,c,b
e,f,f,t,c,b
e,x,y,t,c,b
e,x,f,t,c,b
e,x,y,t,c,b
e,f,f,t,c,b
e,x,f,t,c,b
e,x,f,t,c,b
e,x,y,t,c,b
e,x,y,t,c,b
e,x,y,t,c,b
e,x,y,t,c,b
e,x,y,t,c,b
p,f,y,t,c,n
e,x,s,f,w,b
e,x,f,t,c,b
e,x,f,t,c,b
p,x,s,f,w,n
e,x,y,t,c,b
e,x,f,t,c,b
e,x,y,t,c,b
e,x,y,t,c,b
e,x,s,f,w,b
e,f,f,t,c,b
e,x,y,t,c,b
e,x,y,t,c,b
e,x,f,t,c,b
e,x,y,t,c,b
e,x,y,t,c,b
e,x,f,t,c,b
p,f,y,t,c,n
e,f,f,t,c,b
e,x,f,t,c,b
e,x,f,t,c,b
e,x,y,t,c,b
e,f,s,f,w,b
e,x,f,f,w,b
e,x,f,t,c,b
e,f,f,t,c,b
e,x,y,t,c,b
e,x,y,t,c,b
e,x,y,t,c,b
e,f,f,t,c,b
e,x,f,t,c,b
e,f,f,t,c,b
e,f,f,t,c,b
e,x,y,t,c,b
p,x,s,f,w,n
e,f,f,t,c,b
e,f,f,t,c,b
e,f,f,t,c,b
e,x,y,t,c,b
e,x,f,t,c,b
e,f,s,f,w,b
e,x,y,t,c,b
e,x,f,t,c,b
e,f,f,t,c,b
e,f,f,t,c,b
e,x,y,t,c,b
e,x,y,t,c,b
e,x,y,t,c,b
e,x,f,t,c,b
e,x,y,t,c,b
e,x,y,t,c,b
e,f,f,t,c,b
e,x,y,t,c,b
e,x,y,t,c,b
e,x,y,t,c,b
p,x,f,f,c,b
e,f,f,t,c,b
e,x,y,t,c,b
p,x,f,f,c,b
e,x,y,t,c,b
e,x,f,t,c,b
p,x,f,f,c,b
p,x,f,f,w,n
e,x,f,t,c,b
e,f,f,t,c,b
e,x,f,t,c,b
e,x,y,t,c,b
e,x,y,t,c,b
e,f,f,t,c,b
e,x,f,t,c,b
e,x,f,t,c,b
e,x,f,t,c,b
e,x,y,t,c,b
e,f,f,t,c,b
e,f,f,t,c,b
e,f,f,t,c,b
e,x,f,t,c,b
e,x,y,t,c,b
e,x,y,t,c,b
e,f,f,t,c,b
e,x,y,t,c,b
e,x,y,t,c,b
p,x,f,f,c,n
e,f,f,t,c,b
e,x,y,t,c,b
e,x,y,t,c,b
e,f,f,t,c,b
e,x,f,t,c,b
p,x,f,f,c,b
e,x,y,t,c,b
e,f,f,t,c,b
e,f,y,t,c,b
e,x,f,t,c,b
p,x,f,f,c,b
e,x,y,t,c,b
e,x,y,t,c,b
e,x,y,t,c,b
e,x,y,t,c,b
e,x,y,t,c,b
e,x,y,t,c,b
e,x,f,t,c,b
e,x,y,t,c,b
e,x,y,t,c,b
e,x,y,t,c,b
e,f,f,t,c,b
e,f,f,t,c,b
e,f,f,t,c,b
e,x,y,t,c,b
e,x,y,t,c,b
e,x,f,t,c,b
e,f,f,t,c,b
e,f,f,t,c,b
e,x,y,t,c,b
e,x,y,t,c,b
e,f,f,t,c,b
e,f,f,t,c,b
p,x,f,f,c,b
e,x,f,t,c,b
e,x,y,t,c,b
e,x,f,t,c,b
e,x,f,t,c,b
e,x,y,t,c,b
e,f,f,t,c,b
e,f,f,t,c,b
e,x,y,t,c,b
e,x,f,t,c,b
e,f,f,t,c,b
p,x,f,f,c,b
e,x,f,t,c,b
e,f,f,t,c,b
e,x,f,t,c,b
e,x,f,t,c,b
e,x,y,t,c,b
e,f,y,t,c,b
e,f,f,t,c,b
e,x,f,t,c,b
e,f,f,t,c,b
e,x,y,t,c,b
e,x,y,t,c,b
e,x,y,t,c,b
e,x,f,t,c,b
e,x,y,t,c,b
e,f,f,t,c,b
e,x,y,t,c,b
e,x,f,t,c,b
e,f,f,t,c,b
e,x,y,t,c,b
e,x,f,t,c,b
e,x,y,t,c,b
p,x,f,f,c,n
e,f,f,t,c,b
e,x,f,t,c,b
e,f,s,f,w,b
e,f,f,t,c,b
e,x,y,t,c,b
e,f,y,t,c,b
e,x,y,t,c,b
e,f,y,t,c,b
e,x,y,t,c,b
e,x,f,t,c,b
e,f,f,t,c,b
e,x,y,t,c,b
e,f,f,t,c,b
e,x,y,t,c,b
e,x,y,t,c,b
e,f,y,t,c,b
e,x,y,t,c,b
e,x,f,t,c,b
e,f,f,t,c,b
e,f,f,f,w,b
e,x,y,t,c,b
e,x,f,t,c,b
e,f,y,t,c,b
e,x,f,t,c,b
e,x,y,t,c,b
e,f,y,t,c,b
e,x,y,t,c,b
e,f,f,t,c,b
e,x,y,t,c,b
e,x,y,t,c,b
e,x,y,t,c,b
e,x,f,t,c,b
e,x,f,t,c,b
e,x,f,t,c,b
e,f,f,t,c,b
e,x,f,t,c,b
e,x,f,t,c,b
e,x,y,t,c,b
e,x,y,t,c,b
e,x,f,t,c,b
e,x,f,t,c,b
e,x,f,t,c,b
e,x,f,t,c,b
e,f,f,t,c,b
e,x,f,t,c,b
e,f,f,t,c,b
e,f,f,t,c,b
e,f,f,t,c,b
e,x,f,t,c,b
e,x,f,t,c,b
e,x,y,t,c,b
e,f,f,t,c,b
e,f,f,t,c,b
e,x,y,t,c,b
e,f,f,t,c,b
p,x,f,f,c,n
e,x,f,t,c,b
e,x,f,t,c,b
e,x,y,t,c,b
e,f,f,t,c,b
e,f,f,t,c,b
e,x,y,t,c,b
e,f,s,f,w,b
e,x,y,t,c,b
e,x,y,t,c,b
e,x,y,t,c,b
e,f,f,t,c,b
e,x,f,t,c,b
e,f,f,t,c,b
p,x,f,f,c,b
e,x,y,t,c,b
e,x,f,t,c,b
e,x,f,t,c,b
e,x,f,t,c,b
e,x,y,t,c,b
e,f,f,t,c,b
e,f,f,t,c,b
e,x,y,t,c,b
e,x,f,t,c,b
e,x,y,t,c,b
e,x,y,t,c,b
e,x,y,t,c,b
e,x,y,t,c,b
e,x,y,t,c,b
e,x,f,t,c,b
e,x,f,t,c,b
e,x,y,t,c,b
e,x,y,t,c,b
e,x,f,t,c,b
e,f,f,t,c,b
e,f,f,t,c,b
e,x,y,t,c,b
e,x,f,t,c,b
e,x,y,t,c,b
e,f,f,t,c,b
e,x,y,t,c,b
e,f,y,t,c,b
e,x,y,t,c,b
e,x,y,t,c,b
e,x,y,t,c,b
e,f,y,t,c,b
e,x,y,t,c,b
e,x,s,f,w,b
e,f,f,t,c,b
e,x,y,t,c,b
e,x,y,t,c,b
e,x,f,t,c,b
e,x,f,t,c,b
e,x,y,t,c,b
e,x,y,t,c,b
e,x,f,t,c,b
e,x,y,t,c,b
e,x,y,t,c,b
e,f,f,t,c,b
e,x,f,t,c,b
e,f,y,t,c,b
e,x,y,t,c,b
e,x,f,t,c,b
e,x,f,t,c,b
e,x,y,t,c,b
e,x,y,t,c,b
p,x,f,f,c,n
e,x,y,t,c,b
e,x,f,t,c,b
e,x,y,t,c,b
e,x,y,t,c,b
e,x,y,t,c,b
e,f,f,t,c,b
e,f,f,t,c,b
e,x,y,t,c,b
e,f,f,t,c,b
e,f,f,t,c,b
e,f,y,t,c,b
e,x,f,t,c,b
e,x,y,t,c,b
e,x,y,t,c,b
e,f,f,t,c,b
e,x,f,t,c,b
p,x,f,f,c,b
e,f,f,t,c,b
e,x,y,t,c,b
e,x,f,t,c,b
p,x,f,f,c,b
e,f,f,t,c,b
e,x,y,t,c,b
e,x,y,t,c,b
e,x,f,t,c,b
e,x,f,t,c,b
e,x,y,t,c,b
e,f,f,t,c,b
e,x,f,t,c,b
e,x,f,t,c,b
e,f,f,t,c,b
e,x,y,t,c,b
e,x,f,t,c,b
e,f,f,t,c,b
e,f,f,t,c,b
e,f,f,t,c,b
e,x,f,t,c,b
e,x,y,t,c,b
e,f,s,f,w,b
e,x,y,t,c,b
e,f,f,t,c,b
e,x,y,t,c,b
e,x,f,t,c,b
e,f,f,t,c,b
e,x,f,t,c,b
e,x,f,t,c,b
e,x,f,t,c,b
p,x,f,f,w,n
e,x,y,t,c,b
e,x,f,t,c,b
e,x,y,t,c,b
e,f,f,f,w,b
e,x,f,t,c,b
e,f,f,t,c,b
e,x,f,t,c,b
e,f,y,t,c,b
e,x,f,t,c,b
e,x,y,t,c,b
e,x,y,t,c,b
e,x,f,t,c,b
e,f,y,t,c,b
e,f,f,t,c,b
e,x,y,t,c,b
e,x,y,t,c,b
e,x,f,t,c,b
e,x,f,t,c,b
e,x,f,t,c,b
e,f,f,f,w,b
e,x,f,t,c,b
e,x,y,t,c,b
e,x,y,t,c,b
e,x,f,t,c,b
e,x,y,t,c,b
e,f,f,t,c,b
e,x,y,t,c,b
e,f,f,t,c,b
e,x,f,t,c,b
e,f,f,t,c,b
e,x,y,t,c,b
e,x,y,t,c,b
e,x,y,t,c,b
e,x,f,t,c,b
e,x,f,t,c,b
e,f,f,t,c,b
e,x,y,t,c,b
e,x,f,t,c,b
e,f,f,t,c,b
e,f,f,t,c,b
e,x,y,t,c,b
e,x,f,t,c,b
e,x,f,t,c,b
p,x,f,f,w,n
e,x,y,t,c,b
e,x,f,t,c,b
e,f,s,f,w,b
e,x,y,t,c,b
e,x,y,t,c,b
e,x,f,t,c,b
e,f,f,t,c,b
e,x,f,t,c,b
e,x,y,t,c,b
e,x,f,t,c,b
e,x,f,t,c,b
e,f,f,t,c,b
e,f,f,t,c,b
e,x,y,t,c,b
e,x,y,t,c,b
e,x,y,t,c,b
e,f,f,t,c,b
e,x,f,t,c,b
p,x,s,f,w,n
e,f,y,t,c,b
e,x,y,t,c,b
e,x,y,t,c,b
e,x,y,t,c,b
e,x,f,t,c,b
e,x,f,t,c,b
e,x,y,t,c,b
e,x,y,t,c,b
e,x,y,t,c,b
e,x,y,t,c,b
e,x,y,t,c,b
e,x,y,t,c,b
e,x,f,t,c,b
e,x,f,t,c,b
e,x,y,t,c,b
e,f,f,t,c,b
e,f,f,t,c,b
e,f,f,t,c,b
e,x,y,t,c,b
e,x,y,t,c,b
e,x,s,f,w,b
e,x,y,t,c,b
e,x,y,t,c,b
e,f,f,t,c,b
e,x,f,t,c,b
e,f,f,t,c,b
p,x,s,f,c,n
e,f,y,t,c,b
e,x,y,t,c,b
e,x,f,f,w,b
e,x,y,t,c,b
p,x,f,f,w,n
e,x,y,t,c,b
e,f,f,t,c,b
e,f,f,t,c,b
e,x,y,t,c,b
e,f,f,t,c,b
e,x,f,t,c,b
e,f,y,t,c,b
e,x,y,t,c,b
e,f,y,t,c,b
e,x,f,t,c,b
p,x,f,f,c,b
e,x,y,t,c,b
e,x,y,t,c,b
e,x,f,t,c,b
e,x,f,t,c,b
e,x,f,t,c,b
e,x,f,t,c,b
e,f,f,t,c,b
e,x,y,t,c,b
e,x,f,t,c,b
e,x,y,t,c,b
e,x,f,t,c,b
e,x,y,t,c,b
e,x,y,t,c,b
e,f,f,t,c,b
e,x,f,t,c,b
e,f,y,t,c,b
e,x,y,t,c,b
e,x,y,t,c,b
e,f,f,t,c,b
e,x,f,t,c,b
e,x,y,t,c,b
e,x,y,t,c,b
p,x,f,f,c,b
e,x,f,t,c,b
e,x,f,t,c,b
e,x,f,t,c,b
e,x,f,t,c,b
e,f,f,t,c,b
e,x,y,t,c,b
e,x,f,t,c,b
e,x,y,t,c,b
e,f,y,t,c,b
e,f,f,t,c,b
p,x,f,f,c,b
e,x,f,t,c,b
e,x,y,t,c,b
e,x,f,t,c,b
e,x,f,t,c,b
e,f,f,t,c,b
e,x,y,t,c,b
e,x,y,t,c,b
e,x,y,t,c,b
e,f,f,t,c,b
e,x,f,t,c,b
e,x,y,t,c,b
e,x,y,t,c,b
e,x,f,t,c,b
e,x,y,t,c,b
e,x,f,t,c,b
e,f,f,t,c,b
e,x,f,t,c,b
e,f,f,t,c,b
e,x,y,t,c,b
e,x,f,t,c,b
e,x,f,t,c,b
e,x,f,t,c,b
e,x,f,t,c,b
e,x,y,t,c,b
e,x,y,t,c,b
e,f,f,t,c,b
e,x,y,t,c,b
e,x,y,t,c,b
e,f,f,f,w,b
e,x,y,t,c,b
e,x,y,t,c,b
e,f,f,t,c,b
e,f,f,t,c,b
e,x,f,t,c,b
e,x,y,t,c,b
e,x,f,t,c,b
e,f,f,t,c,b
e,x,y,t,c,b
e,x,y,t,c,b
e,x,f,t,c,b
e,x,y,t,c,b
e,x,f,t,c,b
e,x,y,t,c,b
e,x,f,t,c,b
e,x,f,t,c,b
e,x,f,t,c,b
e,x,f,t,c,b
e,f,y,t,c,b
e,x,f,t,c,b
e,x,f,t,c,b
e,x,f,t,c,b
e,f,f,t,c,b
p,x,f,f,c,b
e,x,f,t,c,b
e,x,y,t,c,b
e,f,f,t,c,b
e,x,f,t,c,b
e,f,f,t,c,b
e,x,y,t,c,b
e,x,y,t,c,b
e,x,y,t,c,b
e,x,y,t,c,b
e,x,y,t,c,b
p,x,y,f,c,b
e,f,y,t,c,b
p,x,f,f,c,b
p,x,f,f,w,n
e,f,f,t,c,b
e,f,f,t,c,b
e,f,y,t,c,b
e,f,f,t,c,b
p,x,f,f,c,b
e,f,f,t,c,b
e,f,y,t,c,b
e,f,y,t,c,b
p,x,f,f,c,n
e,x,f,t,c,b
e,f,y,t,c,b
p,x,f,f,c,b
p,x,f,f,c,b
e,f,y,t,c,b
e,f,y,t,c,b
e,f,f,t,c,b
e,f,f,t,c,b
e,f,f,t,c,b
e,f,y,t,c,b
e,f,y,t,c,b
e,f,y,t,c,b
p,x,f,f,w,n
p,x,f,f,c,b
e,f,f,t,c,b
e,f,y,t,c,b
e,f,y,t,c,b
e,f,f,t,c,b
e,f,f,t,c,b
e,f,y,t,c,b
p,f,f,f,c,b
e,f,y,t,c,b
e,f,y,t,c,b
p,x,f,f,c,n
e,f,f,t,c,b
e,f,y,t,c,b
p,x,y,f,c,b
p,f,f,f,c,b
e,f,y,t,c,b
e,f,y,t,c,b
e,f,y,t,c,b
e,f,y,t,c,b
e,x,y,t,c,b
p,x,s,f,w,n
e,f,y,t,c,b
e,x,y,t,c,b
e,f,f,t,c,b
e,f,y,t,c,b
p,x,s,f,c,n
e,f,f,t,c,b
e,f,y,t,c,b
e,f,y,t,c,b
e,f,y,t,c,b
p,x,s,f,c,n
p,x,f,f,c,n
e,f,y,t,c,b
p,x,f,f,c,b
p,x,s,f,w,n
p,x,f,f,c,b
e,f,y,t,c,b
p,x,y,f,c,b
e,f,y,t,c,b
e,f,y,t,c,b
e,f,y,t,c,b
p,x,s,f,c,n
p,x,f,f,c,b
e,f,y,t,c,b
e,x,y,t,c,b
e,f,y,t,c,b
p,x,f,f,c,b
e,f,y,t,c,b
p,f,f,f,c,b
e,f,f,t,c,b
e,x,f,t,c,b
p,f,f,f,c,b
e,f,y,t,c,b
e,f,y,t,c,b
e,f,y,t,c,b
p,x,f,f,c,b
e,f,f,t,c,b
e,f,y,t,c,b
p,x,f,f,c,b
e,f,y,t,c,b
p,x,f,f,c,b
e,f,y,t,c,b
p,x,f,f,c,b
p,x,f,f,c,b
p,x,f,f,c,b
e,f,y,t,c,b
p,x,f,f,c,b
e,f,f,t,c,b
p,x,s,f,w,n
e,f,y,t,c,b
p,x,s,f,c,n
e,f,f,t,c,b
e,f,f,t,c,b
e,f,y,t,c,b
e,f,y,t,c,b
p,x,f,f,c,b
p,f,f,f,c,b
p,x,s,f,w,n
e,f,f,t,c,b
e,f,f,t,c,b
e,f,y,t,c,b
e,f,y,t,c,b
p,x,f,f,c,b
p,x,f,f,c,n
e,f,f,t,c,b
e,f,y,t,c,b
e,f,y,t,c,b
e,f,f,t,c,b
e,f,y,t,c,b
e,f,y,t,c,b
e,f,f,t,c,b
p,x,s,f,c,n
p,x,f,f,c,n
e,f,f,t,c,b
e,f,y,t,c,b
p,x,f,f,c,b
e,x,y,t,c,b
p,x,s,f,w,n
e,f,y,t,c,b
e,f,y,t,c,b
e,f,y,t,c,b
e,f,f,t,c,b
e,f,y,t,c,b
e,f,y,t,c,b
e,f,y,t,c,b
e,f,y,t,c,b
e,f,y,t,c,b
e,x,f,t,c,b
e,f,y,t,c,b
e,f,f,t,c,b
e,f,y,t,c,b
p,x,f,f,c,b
e,f,y,t,c,b
e,f,y,t,c,b
p,x,f,f,c,b
e,f,y,t,c,b
e,f,y,t,c,b
e,f,y,t,c,b
e,f,y,t,c,b
e,f,y,t,c,b
p,x,s,f,c,n
p,x,f,f,w,n
e,f,f,t,c,b
e,f,f,t,c,b
e,f,y,t,c,b
p,x,f,f,c,b
e,f,f,t,c,b
e,f,f,t,c,b
e,f,f,t,c,b
p,x,s,f,w,n
e,x,y,t,c,b
e,f,y,t,c,b
p,x,f,f,c,b
e,f,f,t,c,b
p,x,f,f,c,b
p,x,f,f,w,n
e,f,y,t,c,b
p,x,f,f,c,b
p,x,f,f,c,n
p,x,f,f,c,b
e,f,y,t,c,b
p,x,y,f,c,b
p,x,s,f,w,n
e,f,y,t,c,b
e,f,y,t,c,b
e,f,f,t,c,b
p,x,f,f,c,b
p,x,f,f,w,n
e,x,y,t,c,b
e,f,f,t,c,b
e,f,y,t,c,b
e,f,y,t,c,b
p,x,y,f,c,b
e,f,y,t,c,b
p,x,f,f,c,n
p,x,f,f,c,n
e,f,f,t,c,b
e,f,y,t,c,b
e,f,y,t,c,b
e,f,y,t,c,b
p,x,f,f,c,b
p,x,f,f,c,b
e,f,f,t,c,b
p,x,y,f,c,b
p,x,s,f,c,n
e,f,f,t,c,b
p,f,f,f,c,b
e,f,y,t,c,b
e,f,y,t,c,b
e,x,f,t,c,b
e,f,f,t,c,b
e,f,f,t,c,b
p,x,f,f,c,b
e,f,y,t,c,b
p,f,f,f,c,b
e,f,y,t,c,b
e,f,f,t,c,b
e,f,f,t,c,b
p,x,f,f,c,b
e,f,y,t,c,b
e,f,y,t,c,b
p,x,f,f,c,b
p,x,f,f,c,n
e,f,f,t,c,b
p,x,f,f,c,b
e,f,y,t,c,b
e,f,y,t,c,b
e,f,f,t,c,b
e,f,f,t,c,b
e,f,y,t,c,b
e,f,f,t,c,b
p,x,s,f,w,n
e,f,y,t,c,b
e,f,y,t,c,b
e,f,y,t,c,b
e,f,y,t,c,b
e,f,y,t,c,b
e,x,f,t,c,b
e,f,f,t,c,b
p,x,f,f,c,b
p,x,s,f,w,n
e,f,f,t,c,b
e,f,f,t,c,b
e,f,y,t,c,b
p,x,f,f,c,b
p,x,s,f,w,n
p,x,f,f,c,b
e,x,y,t,c,b
p,x,f,f,c,b
e,f,y,t,c,b
e,f,y,t,c,b
e,x,f,t,c,b
p,x,f,f,c,b
e,f,y,t,c,b
e,f,y,t,c,b
p,x,s,f,c,n
p,x,y,f,c,b
e,f,f,t,c,b
p,x,f,f,c,b
p,x,f,f,c,b
e,x,y,t,c,b
p,x,f,f,c,b
e,f,y,t,c,b
e,f,f,t,c,b
e,f,y,t,c,b
e,f,y,t,c,b
p,x,s,f,w,n
e,f,f,t,c,b
e,f,y,t,c,b
e,f,y,t,c,b
e,f,y,t,c,b
p,x,f,f,c,n
p,x,f,f,c,b
e,f,y,t,c,b
e,f,f,t,c,b
p,x,s,f,w,n
e,x,y,t,c,b
p,x,f,f,c,b
p,x,f,f,c,b
e,f,y,t,c,b
e,f,y,t,c,b
p,x,s,f,c,n
p,f,f,f,c,b
p,x,f,f,w,n
e,f,y,t,c,b
e,f,y,t,c,b
e,f,f,t,c,b
p,x,f,f,c,b
e,f,f,t,c,b
p,x,f,f,w,n
p,x,f,f,c,b
e,f,f,t,c,b
e,f,y,t,c,b
p,x,f,f,c,b
p,x,f,f,c,b
p,x,s,f,w,n
e,x,y,t,c,b
p,x,f,f,c,b
e,f,y,t,c,b
e,x,y,t,c,b
e,f,y,t,c,b
e,f,y,t,c,b
e,f,f,t,c,b
e,f,y,t,c,b
e,f,f,t,c,b
p,x,f,f,w,n
e,f,f,t,c,b
e,f,f,t,c,b
p,x,s,f,w,n
e,f,f,t,c,b
e,f,y,t,c,b
p,x,f,f,c,b
e,f,f,t,c,b
p,x,f,f,c,b
e,f,f,t,c,b
e,f,y,t,c,b
e,f,f,t,c,b
p,x,f,f,c,b
e,f,y,t,c,b
p,x,f,f,c,n
e,f,y,t,c,b
e,x,y,t,c,b
e,f,y,t,c,b
e,f,y,t,c,b
e,f,y,t,c,b
e,f,y,t,c,b
p,x,f,f,c,b
e,f,y,t,c,b
e,f,y,t,c,b
e,f,f,t,c,b
e,f,y,t,c,b
e,f,f,t,c,b
e,f,f,t,c,b
e,f,y,t,c,b
e,f,f,t,c,b
p,x,f,f,c,n
p,x,f,f,c,b
e,f,y,t,c,b
e,f,y,t,c,b
p,x,s,f,c,n
p,x,f,f,w,n
p,x,f,f,c,b
e,x,f,t,c,b
e,f,y,t,c,b
p,x,s,f,w,n
e,f,y,t,c,b
e,f,y,t,c,b
p,x,f,f,c,b
e,f,y,t,c,b
e,x,f,t,c,b
p,x,f,f,w,n
e,f,y,t,c,b
p,x,f,f,c,b
e,f,y,t,c,b
p,x,f,f,c,b
e,f,f,t,c,b
e,x,f,t,c,b
e,f,y,t,c,b
e,f,y,t,c,b
p,x,f,f,w,n
e,f,y,t,c,b
e,f,f,t,c,b
p,x,f,f,c,b
e,f,y,t,c,b
p,x,s,f,w,n
p,x,f,f,c,b
e,f,f,t,c,b
e,f,y,t,c,b
e,f,y,t,c,b
e,f,f,t,c,b
p,x,f,f,c,n
p,x,f,f,c,b
p,x,f,f,w,n
e,f,f,t,c,b
e,f,y,t,c,b
p,f,y,f,c,b
p,x,f,f,c,b
e,f,y,t,c,b
p,x,f,f,w,n
p,x,s,f,c,n
e,f,y,t,c,b
e,f,f,t,c,b
e,f,y,t,c,b
e,f,y,t,c,b
p,x,s,f,w,n
p,x,f,f,c,b
e,f,f,t,c,b
e,f,y,t,c,b
e,f,f,t,c,b
e,f,f,t,c,b
e,f,y,t,c,b
e,f,y,t,c,b
p,f,f,f,c,b
e,x,f,t,c,b
p,x,s,f,w,n
e,x,y,t,c,b
e,f,f,t,c,b
e,f,f,t,c,b
e,x,f,t,c,b
e,f,y,t,c,b
e,f,f,t,c,b
p,x,s,f,w,n
p,x,y,f,c,b
p,x,f,f,c,n
e,f,y,t,c,b
e,x,y,t,c,b
p,x,f,f,c,n
e,f,y,t,c,b
p,x,f,f,c,n
e,f,f,t,c,b
p,x,s,f,w,n
e,x,y,t,c,b
p,x,f,f,c,b
p,x,s,f,c,n
e,f,y,t,c,b
p,x,f,f,c,b
p,x,s,f,c,n
e,f,y,t,c,b
p,x,s,f,w,n
e,x,y,t,c,b
e,x,y,t,c,b
e,f,y,t,c,b
e,f,y,t,c,b
e,f,f,t,c,b
p,x,s,f,c,n
e,f,f,t,c,b
e,x,f,t,c,b
e,f,f,t,c,b
e,f,y,t,c,b
e,f,y,t,c,b
p,x,f,f,c,b
p,x,s,f,c,n
e,f,y,t,c,b
e,x,y,t,c,b
p,x,f,f,w,n
e,f,y,t,c,b
e,f,y,t,c,b
e,f,f,t,c,b
p,x,f,f,c,b
p,x,s,f,w,n
e,f,y,t,c,b
e,f,y,t,c,b
e,f,y,t,c,b
e,f,y,t,c,b
e,f,y,t,c,b
p,x,f,f,c,b
e,f,y,t,c,b
e,f,f,t,c,b
p,x,f,f,w,n
e,f,y,t,c,b
p,f,y,f,c,b
e,f,f,t,c,b
p,x,f,f,c,b
e,f,y,t,c,b
p,x,f,f,c,n
e,f,f,t,c,b
p,x,f,f,w,n
p,x,s,f,c,n
e,f,y,t,c,b
p,x,s,f,w,n
p,x,f,f,c,b
e,x,f,t,c,b
e,f,y,t,c,b
e,f,y,t,c,b
p,x,f,f,c,b
p,x,f,f,w,n
p,x,f,f,c,b
p,x,f,f,w,n
e,f,y,t,c,b
e,f,y,t,c,b
p,x,f,f,w,n
e,x,y,t,c,b
e,f,y,t,c,b
e,f,f,t,c,b
e,x,y,t,c,b
e,f,y,t,c,b
p,x,f,f,w,n
e,f,f,t,c,b
p,x,y,f,c,b
e,f,f,t,c,b
e,f,y,t,c,b
p,x,f,f,w,n
p,x,s,f,c,n
e,f,f,t,c,b
e,x,f,t,c,b
e,f,y,t,c,b
p,x,f,f,c,b
e,x,y,t,c,b
e,f,y,t,c,b
e,f,f,t,c,b
p,x,f,f,c,n
e,f,y,t,c,b
p,x,f,f,c,b
e,f,y,t,c,b
e,f,f,t,c,b
e,f,f,t,c,b
p,x,s,f,c,n
p,x,f,f,w,n
e,f,f,t,c,b
e,f,f,t,c,b
e,f,y,t,c,b
p,x,f,f,c,b
e,f,y,t,c,b
p,x,f,f,c,b
e,f,f,t,c,b
p,x,f,f,c,b
e,f,y,t,c,b
e,f,f,t,c,b
e,f,y,t,c,b
p,x,f,f,c,b
e,f,f,t,c,b
e,x,f,t,c,b
e,f,y,t,c,b
p,x,f,f,w,n
e,f,f,t,c,b
e,f,f,t,c,b
e,f,y,t,c,b
e,x,f,t,c,b
e,f,y,t,c,b
p,x,f,f,c,b
e,x,f,t,c,b
p,x,f,f,c,b
e,f,y,t,c,b
e,f,y,t,c,b
p,x,y,f,c,b
e,f,y,t,c,b
p,f,f,f,c,b
e,f,y,t,c,b
p,x,s,f,c,n
e,f,y,t,c,b
e,f,y,t,c,b
e,x,f,t,c,b
e,f,y,t,c,b
e,f,y,t,c,b
p,x,s,f,w,n
p,f,f,f,c,b
e,f,f,t,c,b
e,f,f,t,c,b
p,x,f,f,c,n
e,f,f,t,c,b
e,f,y,t,c,b
e,f,y,t,c,b
e,f,y,t,c,b
e,x,f,t,c,b
p,x,s,f,w,n
e,f,y,t,c,b
p,x,y,f,c,b
e,f,y,t,c,b
e,f,y,t,c,b
p,x,s,f,w,n
e,f,y,t,c,b
e,f,y,t,c,b
p,x,f,f,c,b
e,x,y,t,c,b
e,f,y,t,c,b
e,f,f,t,c,b
p,x,s,f,c,n
p,x,f,f,c,b
e,f,y,t,c,b
e,f,y,t,c,b
p,x,s,f,c,n
e,f,f,t,c,b
e,f,f,t,c,b
e,f,f,t,c,b
e,x,y,t,c,b
e,x,y,t,c,b
e,f,y,t,c,b
p,x,f,f,c,n
e,f,f,t,c,b
p,x,y,f,c,b
p,x,s,f,w,n
e,f,y,t,c,b
p,f,f,f,c,b
p,x,f,f,w,n
e,f,y,t,c,b
e,f,y,t,c,b
e,f,y,t,c,b
e,x,y,t,c,b
p,x,f,f,c,b
e,f,f,t,c,b
p,x,f,f,c,b
e,f,y,t,c,b
e,f,f,t,c,b
p,f,f,f,c,b
e,f,f,t,c,b
p,x,f,f,c,b
e,f,f,t,c,b
e,f,f,t,c,b
e,f,f,t,c,b
e,f,y,t,c,b
e,f,y,t,c,b
e,f,y,t,c,b
e,f,f,t,c,b
e,f,f,t,c,b
p,x,f,f,c,b
e,f,y,t,c,b
p,x,f,f,c,n
e,f,y,t,c,b
e,f,y,t,c,b
e,x,f,t,c,b
e,f,y,t,c,b
e,f,f,t,c,b
e,x,y,t,c,b
p,x,f,f,c,n
e,x,y,t,c,b
e,f,y,t,c,b
e,f,y,t,c,b
p,f,f,f,c,b
e,f,y,t,c,b
e,f,y,t,c,b
p,x,f,f,c,b
e,f,y,t,c,b
p,x,f,f,c,b
e,f,f,t,c,b
e,x,y,t,c,b
e,x,y,t,c,b
e,f,y,t,c,b
p,x,y,f,c,b
p,x,s,f,c,n
p,x,f,f,c,b
p,x,f,f,c,b
p,f,f,f,c,b
e,f,f,t,c,b
p,x,f,f,c,b
e,f,y,t,c,b
e,f,y,t,c,b
e,f,y,t,c,b
p,x,y,f,c,b
e,f,y,t,c,b
p,x,f,f,w,n
e,f,f,t,c,b
e,f,y,t,c,b
e,x,y,t,c,b
e,f,f,t,c,b
p,x,f,f,c,b
p,x,f,f,c,b
e,f,f,t,c,b
e,x,f,t,c,b
p,x,f,f,c,b
e,f,f,t,c,b
p,x,f,f,c,n
e,f,y,t,c,b
e,f,y,t,c,b
p,x,f,f,c,b
e,x,f,t,c,b
p,x,s,f,w,n
p,x,f,f,c,b
e,f,y,t,c,b
p,x,f,f,c,b
e,f,y,t,c,b
e,f,f,t,c,b
e,f,f,t,c,b
e,f,y,t,c,b
e,f,y,t,c,b
e,f,y,t,c,b
e,f,y,t,c,b
e,f,y,t,c,b
p,x,y,f,c,b
e,f,f,t,c,b
e,f,y,t,c,b
p,x,f,f,c,b
p,x,f,f,c,b
p,x,f,f,c,b
e,f,y,t,c,b
e,f,y,t,c,b
p,x,y,f,c,b
p,x,f,f,c,b
p,f,y,f,c,b
e,f,y,t,c,b
p,x,f,f,w,n
e,f,f,t,c,b
p,f,f,f,c,b
e,f,y,t,c,b
e,x,y,t,c,b
p,x,f,f,c,b
e,x,y,t,c,b
p,x,s,f,c,n
e,f,y,t,c,b
e,f,f,t,c,b
e,f,y,t,c,b
p,x,f,f,c,b
e,f,y,t,c,b
e,f,y,t,c,b
p,x,s,f,c,n
e,f,f,t,c,b
e,f,f,t,c,b
e,f,f,t,c,b
e,f,f,t,c,b
p,x,f,f,c,b
e,f,y,t,c,b
e,f,y,t,c,b
e,f,y,t,c,b
p,x,s,f,c,n
e,f,y,t,c,b
e,f,y,t,c,b
e,f,y,t,c,b
p,x,s,f,c,n
p,x,f,f,c,b
e,f,y,t,c,b
p,x,f,f,c,b
p,x,f,f,c,n
e,f,y,t,c,b
e,f,y,t,c,b
e,f,y,t,c,b
e,f,y,t,c,b
p,x,f,f,w,n
e,f,f,t,c,b
p,x,f,f,c,b
e,f,y,t,c,b
e,f,y,t,c,b
p,x,s,f,c,n
e,f,y,t,c,b
p,x,s,f,c,n
e,x,y,t,c,b
p,x,y,f,c,b
e,f,y,t,c,b
p,x,f,f,c,n
p,x,f,f,c,b
e,f,f,t,c,b
e,f,f,t,c,b
p,x,f,f,c,n
p,x,f,f,c,b
e,f,y,t,c,b
p,x,f,f,c,b
e,f,f,t,c,b
e,f,y,t,c,b
p,f,y,f,c,b
e,f,y,t,c,b
e,f,y,t,c,b
e,f,y,t,c,b
e,x,f,t,c,b
p,f,y,f,c,b
e,f,y,t,c,b
e,f,f,t,c,b
e,f,y,t,c,b
e,x,y,t,c,b
e,x,y,t,c,b
p,x,f,f,c,b
p,x,s,f,w,n
p,f,f,f,c,b
e,f,y,t,c,b
e,f,y,t,c,b
e,f,f,t,c,b
e,f,f,t,c,b
e,f,y,t,c,b
e,f,y,t,c,b
e,f,y,t,c,b
p,x,y,f,c,b
e,f,y,t,c,b
e,f,y,t,c,b
p,x,f,f,c,b
p,x,f,f,w,n
p,x,f,f,w,n
e,x,y,t,c,b
p,f,f,f,c,b
p,x,s,f,w,n
e,f,y,t,c,b
e,f,y,t,c,b
e,f,f,t,c,b
p,x,f,f,c,b
e,f,y,t,c,b
e,f,f,t,c,b
e,f,y,t,c,b
p,x,f,f,c,b
p,x,f,f,c,n
e,f,f,t,c,b
p,x,s,f,c,n
p,x,f,f,c,n
p,x,f,f,c,b
e,f,y,t,c,b
e,f,f,t,c,b
p,f,f,f,c,b
e,f,f,t,c,b
e,f,y,t,c,b
e,f,f,t,c,b
e,f,y,t,c,b
e,f,f,t,c,b
e,f,y,t,c,b
e,f,y,t,c,b
e,f,y,t,c,b
e,f,f,t,c,b
e,f,y,t,c,b
e,f,f,t,c,b
e,x,f,t,c,b
e,f,y,t,c,b
e,f,y,t,c,b
e,x,f,t,c,b
e,f,f,t,c,b
p,x,f,f,c,b
e,f,y,t,c,b
e,x,y,t,c,b
e,f,y,t,c,b
e,f,y,t,c,b
e,f,y,t,c,b
p,x,f,f,c,b
e,f,f,t,c,b
p,f,f,f,c,b
e,f,y,t,c,b
e,f,y,t,c,b
e,f,f,t,c,b
p,f,f,f,c,b
e,x,y,t,c,b
e,f,y,t,c,b
p,f,f,f,c,b
e,f,y,t,c,b
p,x,f,f,w,n
e,f,y,t,c,b
p,x,s,f,w,n
e,f,y,t,c,b
p,x,s,f,c,n
e,f,y,t,c,b
e,f,f,t,c,b
e,f,f,t,c,b
e,f,y,t,c,b
p,x,s,f,c,n
e,f,y,t,c,b
e,f,y,t,c,b
p,x,f,f,w,n
e,f,f,t,c,b
p,x,s,f,c,n
e,f,f,t,c,b
p,f,f,f,c,b
e,f,y,t,c,b
p,x,f,f,c,b
e,f,y,t,c,b
e,f,y,t,c,b
e,f,y,t,c,b
p,x,s,f,w,n
p,x,y,f,c,b
e,f,f,t,c,b
e,f,f,t,c,b
e,f,y,t,c,b
e,f,y,t,c,b
e,f,y,t,c,b
e,x,f,t,c,b
p,x,f,f,c,b
e,x,y,t,c,b
e,f,y,t,c,b
e,f,f,t,c,b
p,x,f,f,c,n
e,f,y,t,c,b
e,f,y,t,c,b
p,x,f,f,c,b
e,f,y,t,c,b
p,x,s,f,w,n
e,f,f,t,c,b
p,x,s,f,c,n
p,x,f,f,c,b
p,x,f,f,c,b
e,f,y,t,c,b
e,f,y,t,c,b
e,f,y,t,c,b
e,f,y,t,c,b
p,x,f,f,c,b
e,f,f,t,c,b
e,f,f,t,c,b
p,x,y,f,c,b
e,f,f,t,c,b
p,x,f,f,w,n
e,f,y,t,c,b
e,f,y,t,c,b
e,f,y,t,c,b
e,f,y,t,c,b
e,x,f,t,c,b
e,f,y,t,c,b
p,x,s,f,c,n
e,f,y,t,c,b
p,x,f,f,c,b
e,f,y,t,c,b
e,f,y,t,c,b
e,f,f,t,c,b
p,x,s,f,w,n
p,x,f,f,w,n
e,x,y,t,c,b
e,f,f,t,c,b
e,f,y,t,c,b
e,x,y,t,c,b
p,x,f,f,c,b
p,x,f,f,w,n
e,f,y,t,c,b
e,f,f,t,c,b
p,x,f,f,w,n
p,x,s,f,w,n
e,x,y,t,c,b
p,x,f,f,c,b
p,x,f,f,c,n
p,x,f,f,c,b
p,x,s,f,c,n
e,x,f,t,c,b
p,x,f,f,c,n
e,f,f,t,c,b
p,x,s,f,c,n
p,x,f,f,w,n
e,f,y,t,c,b
p,x,f,f,c,n
p,x,s,f,w,n
e,f,y,t,c,b
e,f,y,t,c,b
p,x,f,f,w,n
e,f,f,t,c,b
p,x,s,f,c,n
e,f,y,t,c,b
p,x,f,f,c,b
p,f,y,f,c,b
e,f,y,t,c,b
p,x,f,f,c,b
e,f,y,t,c,b
p,x,f,f,c,b
p,f,f,f,c,b
e,f,f,t,c,b
e,f,f,t,c,b
p,x,f,f,c,n
e,f,f,t,c,b
p,x,f,f,c,b
p,x,y,f,c,b
p,f,y,f,c,b
p,x,f,f,c,b
p,x,f,f,w,n
p,x,y,f,c,b
p,x,y,f,c,b
p,x,f,f,c,b
p,f,f,f,c,b
p,f,f,f,c,b
e,f,y,t,c,b
p,x,y,f,c,b
p,f,f,f,c,b
p,f,f,f,c,b
e,x,f,t,c,b
e,f,y,t,c,b
e,f,y,t,c,b
p,x,y,f,c,b
p,f,y,f,c,b
p,f,y,f,c,b
e,f,y,t,c,b
p,f,y,f,c,b
e,f,f,t,c,b
e,f,f,t,c,b
e,f,f,t,c,b
p,x,f,f,c,b
p,x,y,f,c,b
p,f,f,f,c,b
e,f,y,t,c,b
p,x,f,f,c,b
p,f,y,f,c,b
p,f,f,f,c,b
p,f,y,f,c,b
p,x,y,f,c,b
p,f,f,f,c,b
p,x,s,f,c,n
p,x,y,f,c,b
e,f,f,t,c,b
e,f,y,t,c,b
p,x,f,f,c,n
p,x,f,f,c,b
p,f,y,f,c,b
e,x,y,t,c,b
e,f,f,t,c,b
p,f,y,f,c,b
e,f,y,t,c,b
p,x,f,f,c,b
p,f,y,f,c,b
e,f,f,t,c,b
p,x,y,f,c,b
p,f,f,f,c,b
p,x,y,f,c,b
p,f,f,f,c,b
p,x,s,f,w,n
p,x,f,f,c,n
p,x,y,f,c,b
p,x,y,f,c,b
p,f,f,f,c,b
e,f,y,t,c,b
p,x,s,t,c,b
p,x,y,f,c,b
e,f,f,t,c,b
p,f,f,f,c,b
p,x,y,f,c,b
p,f,f,f,c,b
p,x,y,f,c,b
p,f,y,f,c,b
p,f,y,f,c,b
p,x,f,f,c,b
p,x,s,f,c,n
p,x,y,f,c,b
p,x,f,f,c,b
e,f,y,t,c,b
e,f,f,t,c,b
p,x,f,f,c,b
p,x,s,f,c,n
p,f,f,f,c,b
p,x,f,f,c,b
p,x,s,f,c,n
e,f,f,t,c,b
p,f,y,f,c,b
p,x,f,f,w,n
p,f,s,t,c,b
p,x,y,f,c,b
e,x,y,t,c,b
p,f,f,f,c,b
p,x,f,f,c,b
p,x,f,f,c,b
p,f,f,f,c,b
e,f,f,t,c,b
p,x,f,f,c,b
p,x,y,f,c,b
p,f,f,f,c,b
p,x,f,f,w,n
p,x,f,f,c,n
p,x,y,f,c,b
p,x,s,t,c,b
p,x,y,f,c,b
e,f,y,t,c,b
p,f,f,f,c,b
e,f,f,t,c,b
p,f,y,f,c,b
e,f,y,t,c,b
e,f,f,t,c,b
p,x,y,f,c,b
p,x,y,f,c,b
e,f,f,t,c,b
p,f,f,f,c,b
e,f,f,t,c,b
e,f,y,t,c,b
e,f,y,t,c,b
p,f,f,f,c,b
e,x,f,t,c,b
p,f,y,f,c,b
p,x,y,f,c,b
p,f,y,f,c,b
p,x,f,f,c,b
p,x,y,f,c,b
e,x,f,t,c,b
e,x,y,t,c,b
p,f,y,f,c,b
p,f,f,f,c,b
p,x,y,f,c,b
p,x,y,f,c,n
p,x,y,f,c,b
p,x,y,f,c,b
p,x,s,f,w,n
p,f,f,f,c,b
p,f,s,t,c,b
p,x,y,f,c,b
p,x,y,f,c,b
p,x,s,f,w,n
p,x,y,f,c,b
e,f,f,t,c,b
p,x,y,f,c,b
p,x,f,f,c,b
p,x,f,f,c,b
p,f,f,f,c,b
p,x,f,f,c,b
e,f,f,t,c,b
p,x,f,f,c,b
e,f,y,t,c,b
p,f,y,f,c,b
p,f,f,f,c,b
p,f,f,f,c,b
p,x,s,f,w,n
p,x,y,f,c,b
e,f,y,t,c,b
p,x,f,f,c,n
p,x,f,f,c,b
p,x,f,f,c,b
p,x,f,f,w,n
p,f,f,f,c,b
p,f,f,f,c,b
e,f,y,t,c,b
p,x,y,f,c,b
p,f,f,f,c,b
p,x,f,f,c,n
p,x,s,f,w,n
e,x,f,t,c,b
p,x,y,f,c,b
e,f,f,t,c,b
e,f,y,t,c,b
p,f,y,f,c,b
p,x,f,f,c,b
p,x,y,f,c,b
p,f,f,f,c,b
p,f,f,f,c,b
e,f,y,t,c,b
p,x,y,f,c,b
p,x,y,f,c,b
p,f,f,f,c,b
p,f,f,f,c,b
e,f,f,t,c,b
e,f,y,t,c,b
p,x,f,f,c,b
e,f,y,f,c,n
e,f,y,t,c,b
p,f,y,f,c,b
p,f,f,f,c,b
p,x,y,f,c,b
p,x,y,f,c,b
p,f,f,f,c,b
p,x,y,f,c,b
p,x,f,f,c,b
p,x,y,f,c,b
p,x,f,f,c,b
e,x,f,t,c,b
p,f,y,f,c,b
e,f,y,t,c,b
p,x,f,f,c,b
p,f,f,f,c,b
e,f,y,t,c,b
e,f,f,t,c,b
p,f,y,f,c,b
e,x,f,t,c,b
e,f,f,t,c,b
p,f,y,f,c,b
p,x,f,f,c,n
p,x,y,f,c,b
p,x,y,f,c,n
p,x,f,f,c,b
p,f,y,f,c,b
e,f,y,t,c,b
p,x,y,f,c,n
e,f,y,t,c,b
p,b,s,t,c,b
e,f,f,t,c,b
p,f,f,f,c,b
e,f,y,t,c,b
p,f,f,f,c,b
p,f,f,f,c,b
p,f,f,f,c,b
e,f,f,t,c,b
p,x,f,f,c,b
p,f,f,f,c,b
p,x,f,f,c,b
p,x,f,f,c,b
p,f,f,f,c,b
p,f,f,f,c,b
p,x,y,f,c,b
e,f,y,t,c,b
p,f,f,f,c,b
p,f,f,f,c,b
e,f,f,t,c,b
p,x,y,f,c,b
p,x,y,f,c,b
e,f,y,t,c,b
p,f,y,f,c,b
e,f,f,t,c,b
p,x,y,f,c,b
p,f,y,f,c,b
p,x,y,f,c,b
p,x,s,f,c,n
e,f,f,t,c,b
p,f,y,f,c,b
p,x,f,f,c,b
p,f,y,f,c,b
e,f,y,t,c,b
p,x,y,f,c,b
p,f,f,f,c,b
e,f,y,t,c,b
e,f,y,t,c,b
p,f,s,t,c,b
p,x,f,f,c,b
p,f,y,f,c,b
p,x,y,f,c,b
p,x,f,f,c,b
p,f,y,f,c,b
p,f,y,f,c,b
e,f,y,t,c,b
p,x,y,f,c,b
p,f,y,f,c,b
p,x,y,f,c,b
e,f,f,t,c,b
e,f,y,t,c,b
e,f,y,t,c,b
p,f,f,f,c,b
p,f,f,f,c,b
e,f,y,t,c,b
p,x,y,f,c,b
e,f,f,t,c,b
p,x,f,f,c,b
p,x,y,f,c,b
p,x,y,f,c,b
e,f,f,f,w,n
p,x,f,f,c,b
p,f,f,f,c,b
p,x,y,f,c,b
p,f,y,f,c,b
p,x,s,t,c,b
p,f,f,f,c,b
p,x,y,f,c,b
p,f,f,f,c,b
p,f,f,f,c,b
p,f,f,f,c,b
e,f,f,t,c,b
p,x,f,f,c,b
p,x,f,f,c,b
e,f,y,t,c,b
p,f,y,f,c,b
p,f,f,f,c,b
p,x,y,f,c,b
e,f,f,t,c,b
p,x,f,f,c,b
p,x,f,f,c,b
e,f,y,t,c,b
e,f,f,t,c,b
p,x,y,f,c,b
p,f,y,f,c,b
p,f,f,f,c,b
p,f,f,f,c,b
p,f,f,f,c,b
p,f,y,f,c,b
p,f,s,t,c,b
e,f,f,t,c,b
p,x,y,f,c,n
e,x,y,t,c,b
p,x,f,f,w,n
p,x,f,f,w,n
p,x,y,f,c,n
p,f,f,f,c,b
p,x,f,f,c,b
p,x,s,t,c,b
p,f,y,f,c,b
p,x,f,f,c,b
p,f,y,f,c,b
p,f,f,f,c,b
p,f,y,f,c,b
p,x,y,f,c,b
p,f,f,f,c,b
p,x,f,f,c,b
p,f,f,f,c,b
p,x,f,f,c,b
p,x,f,f,c,b
p,x,y,f,c,b
p,f,s,t,c,b
p,x,f,f,c,b
p,f,f,f,c,b
p,f,y,f,c,b
p,f,f,f,c,b
p,f,f,f,c,b
p,x,y,f,c,b
p,x,y,f,c,b
e,f,y,t,c,b
p,f,f,f,c,b
p,f,f,f,c,b
p,f,y,f,c,b
p,x,f,f,c,b
p,x,f,f,c,b
p,x,f,f,c,b
p,x,y,f,c,b
p,f,s,t,c,b
p,f,f,f,c,b
p,f,f,f,c,b
p,f,y,f,c,b
p,f,f,f,c,b
p,f,f,f,c,b
p,f,f,f,c,b
p,x,y,f,c,b
p,x,f,f,c,b
p,f,f,f,c,b
p,x,f,f,c,b
p,f,y,f,c,b
p,x,y,f,c,b
p,x,s,t,c,b
p,f,f,f,c,b
p,x,s,t,c,b
p,f,y,f,c,b
p,x,y,f,c,b
p,x,f,f,c,b
p,x,f,f,c,b
p,x,y,f,c,b
e,f,y,t,c,b
p,f,y,f,c,b
p,x,y,f,c,b
p,f,f,f,c,b
p,f,y,f,c,b
p,f,f,f,c,b
p,x,y,f,c,b
p,f,f,f,c,b
p,x,y,f,c,b
p,x,f,f,c,n
p,x,y,f,c,b
p,x,f,f,c,b
p,f,f,f,c,b
p,x,y,f,c,b
p,f,f,f,c,b
p,x,y,f,c,b
p,x,f,f,c,b
p,x,f,f,c,b
p,x,y,f,c,b
p,x,y,f,c,b
p,f,y,f,c,b
p,f,y,f,c,b
p,x,f,f,c,b
e,k,y,f,w,n
p,f,f,f,c,b
p,x,y,f,c,b
p,f,f,f,c,b
p,x,y,f,c,b
p,x,f,f,c,b
p,f,f,f,c,b
e,f,s,t,c,b
p,f,f,f,c,b
p,x,f,f,c,b
p,x,y,f,c,b
p,f,y,f,c,b
p,x,f,f,c,b
p,f,y,f,c,b
p,f,y,f,c,b
e,k,s,t,c,b
p,x,f,f,c,b
p,f,f,f,c,b
p,f,f,f,c,b
p,f,f,f,c,b
p,x,f,f,c,b
p,f,f,f,c,b
p,x,y,f,c,b
p,f,y,f,c,b
p,f,f,f,c,b
p,x,f,f,c,b
p,f,f,f,c,b
p,f,f,f,c,b
p,f,f,f,c,b
e,f,y,t,c,b
p,f,y,f,c,b
p,f,y,f,c,b
p,f,y,f,c,b
p,x,y,f,c,b
p,x,y,f,c,b
p,x,y,f,c,b
p,f,f,f,c,b
p,x,f,f,c,b
p,x,y,f,c,b
p,f,f,f,c,b
p,x,f,f,c,b
p,f,f,f,c,b
p,f,y,f,c,b
p,f,f,f,c,b
p,f,y,f,c,b
p,f,f,f,c,b
p,x,f,f,c,b
p,f,y,f,c,b
p,f,y,f,c,b
p,f,y,f,c,b
e,x,y,f,c,n
p,f,y,f,c,b
p,x,f,f,c,b
p,x,y,f,c,n
p,f,y,f,c,b
p,k,y,f,c,n
p,f,f,f,c,b
p,x,y,f,c,b
p,x,y,f,c,b
p,f,y,f,c,b
p,x,f,f,c,b
p,x,f,f,c,b
p,x,y,f,c,b
p,x,y,f,c,b
p,x,y,f,c,b
e,f,y,t,c,b
p,f,f,f,c,b
p,x,y,f,c,b
p,f,f,f,c,b
p,x,f,f,c,b
p,f,f,f,c,b
p,f,f,f,c,b
p,x,y,f,c,b
p,f,s,t,c,b
p,x,y,f,c,b
p,x,y,f,c,b
p,f,f,f,c,b
p,f,y,f,c,b
p,f,f,f,c,b
p,f,y,f,c,b
p,x,y,f,c,b
e,x,s,t,c,b
p,f,f,f,c,b
p,f,f,f,c,b
p,f,y,f,c,b
p,x,y,f,c,b
p,f,y,f,c,b
p,x,f,f,c,b
p,b,y,t,w,n
p,f,s,t,c,b
p,x,y,f,c,b
p,f,y,f,c,b
p,f,y,f,c,b
p,f,y,f,c,b
p,f,f,f,c,b
p,x,y,f,c,b
p,x,f,f,c,b
p,f,f,f,c,b
p,x,s,t,c,b
e,f,y,t,c,b
p,x,y,f,c,n
p,f,y,f,c,b
p,f,f,f,c,b
e,f,y,t,c,b
e,x,y,t,c,b
p,x,y,f,c,b
p,x,y,f,c,b
p,x,y,f,c,b
p,x,y,f,c,b
p,f,f,f,c,b
p,f,y,f,c,b
p,x,f,f,c,b
p,f,y,f,c,b
p,x,y,f,c,b
p,x,y,f,c,b
p,f,y,f,c,b
p,f,y,f,c,b
p,x,y,f,c,b
p,f,y,f,c,b
p,f,y,f,c,b
e,x,y,f,c,n
p,x,f,f,c,b
p,f,f,f,c,b
p,f,f,f,c,b
p,x,f,f,c,b
p,f,f,f,c,b
p,f,f,f,c,b
p,f,y,f,c,b
p,f,f,f,c,b
p,f,f,f,c,b
p,f,y,f,c,b
p,f,f,f,c,b
p,f,y,f,c,b
p,f,f,f,c,b
e,f,f,t,c,b
p,f,s,t,c,b
p,f,y,f,c,b
p,f,f,f,c,b
p,x,y,f,c,b
p,f,f,f,c,b
p,f,y,f,c,b
e,f,y,t,c,b
p,f,y,f,c,b
e,x,s,t,c,b
p,x,y,f,c,b
p,x,f,f,c,b
p,x,y,f,c,b
p,f,y,f,c,b
e,f,f,t,c,b
p,f,f,f,c,b
p,f,f,f,c,b
p,x,y,f,c,b
p,x,f,f,c,b
p,x,y,f,c,n
p,f,f,f,c,b
p,x,y,f,c,b
p,f,f,f,c,b
p,f,f,f,c,b
p,f,y,f,c,b
p,f,y,f,c,b
p,f,y,f,c,b
p,f,f,f,c,b
p,x,s,f,c,n
p,x,y,f,c,b
p,f,s,t,c,b
p,x,y,f,c,b
p,x,y,f,c,b
p,x,y,f,c,b
e,f,y,t,c,b
p,f,f,f,c,b
p,f,y,f,c,b
p,f,y,f,c,b
p,x,y,f,c,b
p,x,y,f,c,b
p,x,f,f,c,b
e,f,y,t,c,b
p,x,y,f,c,b
p,f,f,f,c,b
p,x,y,f,c,b
p,x,y,f,c,b
p,f,f,f,c,b
p,f,f,f,c,b
p,x,y,f,c,b
e,k,y,t,c,b
p,x,y,f,c,b
p,x,y,f,c,n
p,f,y,f,c,b
p,x,y,f,c,b
p,f,y,f,c,b
p,f,y,f,c,b
p,f,f,f,c,b
p,f,y,f,c,b
p,x,f,f,c,b
p,x,s,t,c,b
p,x,y,f,c,b
p,f,f,f,c,b
p,x,f,f,c,b
p,x,y,f,c,b
p,f,y,f,c,b
p,x,y,f,c,b
p,x,y,f,c,b
p,f,y,f,c,b
p,f,f,f,c,b
p,f,f,f,c,b
e,f,y,t,c,b
p,x,y,f,c,b
p,x,y,f,c,b
p,f,y,f,c,b
p,f,y,f,c,b
p,x,y,f,c,b
p,f,f,f,c,b
p,x,y,f,c,b
p,x,y,f,c,b
p,x,f,f,c,b
p,f,f,f,c,b
e,f,f,f,w,n
p,f,y,f,c,b
p,x,y,f,c,b
p,f,f,f,c,n
p,f,f,f,c,b
p,x,s,t,c,b
e,f,s,t,c,b
p,x,y,f,c,n
p,x,s,f,w,n
p,x,f,f,c,b
p,f,y,f,c,b
p,f,y,f,c,b
p,x,y,f,c,b
p,x,y,f,c,b
p,x,y,f,c,b
p,f,y,f,c,b
p,f,y,f,c,b
p,f,f,f,c,b
p,x,f,f,c,b
p,f,f,f,c,b
p,f,f,f,c,b
p,f,f,f,c,b
p,f,y,f,c,b
p,f,f,f,c,b
p,f,f,f,c,b
p,x,y,f,c,b
p,x,y,f,c,b
p,x,y,f,c,b
e,x,s,t,c,b
p,f,f,f,c,b
p,x,f,f,c,b
p,x,y,f,c,n
p,x,y,f,c,b
p,f,y,f,c,b
p,f,y,f,c,b
p,f,f,f,c,b
p,x,y,f,c,b
p,x,f,f,c,b
p,f,f,f,c,b
p,x,y,f,c,b
p,f,f,f,c,b
p,x,f,f,c,b
e,x,y,f,c,n
e,f,y,t,c,b
p,f,y,f,c,b
p,x,y,f,c,b
p,x,y,f,c,b
p,f,f,f,c,b
p,f,y,f,c,b
p,f,f,f,c,b
p,f,y,f,c,b
p,x,f,f,c,b
p,f,f,f,c,b
p,f,f,f,c,b
p,f,y,f,c,b
p,f,y,f,c,b
p,f,f,f,c,b
p,f,s,t,c,b
p,f,s,t,c,b
p,x,y,f,c,b
p,f,f,f,c,b
p,f,y,f,c,b
p,x,y,f,c,b
p,x,f,f,c,b
p,x,f,f,c,b
e,f,f,t,c,b
e,x,y,f,c,n
p,x,y,f,c,b
p,f,f,f,c,b
p,x,y,f,c,b
p,f,y,f,c,b
p,x,y,f,c,b
p,x,f,f,c,b
p,x,y,f,c,b
p,f,f,f,c,b
p,x,y,f,c,b
p,f,y,f,c,b
p,f,y,f,c,b
p,x,f,f,c,b
e,f,f,t,c,b
p,x,y,f,c,b
p,f,f,f,c,b
p,x,y,f,c,b
p,f,y,f,c,b
p,f,f,f,c,b
p,f,f,f,c,b
p,f,f,f,c,b
p,f,y,f,c,b
p,f,f,f,c,b
p,x,f,f,c,b
p,x,y,f,c,b
p,x,y,f,c,b
p,x,f,f,c,n
p,f,f,f,c,b
p,x,f,f,c,b
p,f,y,f,c,b
p,x,f,f,c,b
p,f,y,f,c,b
p,f,y,f,c,b
p,f,f,f,c,b
p,x,y,f,c,b
p,f,y,f,c,b
p,f,f,f,c,b
p,x,f,f,c,b
p,f,f,f,c,b
p,x,y,f,c,b
p,f,f,f,c,b
p,x,f,f,c,b
p,f,y,f,c,b
p,f,f,f,c,b
p,f,f,f,c,b
p,f,f,f,c,b
p,f,f,f,c,b
p,f,f,f,c,b
p,x,y,f,c,b
p,x,y,f,c,b
p,f,f,f,c,b
p,x,y,f,c,b
p,x,y,f,c,b
p,x,y,f,c,n
e,f,y,t,c,b
p,x,f,f,c,b
p,x,y,f,c,b
p,f,y,f,c,b
p,x,y,f,c,b
p,f,y,f,c,b
p,f,y,f,c,b
p,f,f,f,c,b
p,x,f,f,c,b
p,f,f,f,c,b
p,f,f,f,c,b
p,f,y,f,c,b
p,f,y,f,c,b
p,f,f,f,c,b
p,f,y,f,c,b
p,f,f,f,c,b
p,f,y,f,c,b
p,x,f,f,c,n
p,f,s,t,c,b
e,f,f,t,c,b
p,x,y,f,c,b
p,x,y,f,c,b
p,f,y,f,c,b
e,f,f,t,c,b
p,x,y,f,c,b
p,x,y,f,c,b
p,f,f,f,c,b
p,x,f,f,c,b
p,x,f,f,c,b
p,x,y,f,c,b
p,f,s,t,c,b
p,x,y,f,c,b
p,x,f,f,c,b
p,f,y,f,c,b
p,x,y,f,c,b
p,x,f,f,c,b
e,f,y,f,c,n
p,f,f,f,c,b
p,f,y,f,c,b
p,x,y,f,c,b
p,f,f,f,c,b
e,f,y,t,c,b
p,x,f,f,c,b
p,f,f,f,c,b
p,x,y,f,c,b
p,f,f,f,c,b
p,x,f,f,c,b
p,x,y,f,c,b
p,x,f,f,c,b
p,f,y,f,c,b
p,x,s,t,c,b
e,f,y,t,c,b
e,x,y,f,c,n
p,x,y,f,c,b
p,x,y,f,c,b
p,x,f,f,c,b
p,f,f,f,c,b
p,x,y,f,c,b
p,f,f,f,c,b
p,f,f,f,c,b
p,x,y,f,c,b
p,f,y,f,c,b
e,f,s,t,c,b
p,f,f,f,c,b
p,x,y,f,c,b
p,x,y,f,c,b
p,f,f,f,c,b
p,x,f,f,c,b
p,f,y,f,c,b
p,f,y,f,c,b
p,x,y,f,c,b
p,x,y,f,c,b
p,f,f,f,c,b
p,f,f,f,c,b
p,x,y,f,c,b
p,f,f,f,c,b
p,f,y,f,c,b
p,x,y,f,c,b
p,f,f,f,c,b
p,x,y,f,c,b
p,f,f,f,c,b
p,x,y,f,c,b
p,x,f,f,c,b
p,x,y,f,c,b
p,f,f,f,c,b
e,f,y,t,c,b
p,f,f,f,c,b
p,x,y,f,c,b
p,x,s,t,c,b
p,f,y,f,c,b
p,x,y,f,c,b
p,x,f,f,c,n
p,x,f,f,c,b
p,f,s,t,c,b
p,x,y,f,c,b
p,x,y,f,c,b
p,f,f,f,c,b
p,f,s,t,c,b
p,f,s,t,c,b
p,x,y,f,c,b
p,x,y,f,c,b
p,x,y,f,c,b
p,f,f,f,c,b
p,f,f,f,c,b
p,x,f,f,c,b
p,f,f,f,c,b
e,f,y,f,c,n
p,x,f,f,c,b
e,f,f,t,c,b
p,f,f,f,c,b
p,x,f,f,c,b
p,x,y,f,c,n
p,x,y,f,c,b
p,x,f,f,c,b
p,f,f,f,c,b
p,x,y,f,c,b
p,x,y,f,c,b
p,x,f,f,c,b
p,f,f,f,c,b
p,f,y,f,c,b
p,f,y,f,c,b
e,f,y,t,c,b
p,x,y,f,c,b
e,f,f,t,c,b
p,x,f,f,c,b
p,x,y,f,c,b
p,f,y,f,c,b
p,x,f,f,c,b
p,f,f,f,c,b
p,f,f,f,c,b
p,f,y,f,c,b
p,f,y,f,c,b
p,x,f,f,c,b
p,x,y,f,c,b
p,f,f,f,c,b
p,x,y,f,c,b
p,f,f,f,c,b
p,f,y,f,c,b
p,x,f,f,w,n
p,f,f,f,c,b
p,x,y,f,c,b
p,x,y,f,c,b
p,x,y,f,c,b
p,f,y,f,c,b
p,x,y,f,c,b
p,x,f,f,c,b
p,f,y,f,c,b
p,f,y,f,c,b
p,x,y,f,c,b
p,f,f,f,c,b
p,x,y,f,c,b
p,x,y,f,c,b
p,x,y,f,c,b
p,x,y,f,c,b
p,x,f,f,c,b
p,x,y,f,c,b
p,f,f,f,c,b
p,f,f,f,c,b
p,x,y,f,c,b
p,x,f,f,c,b
p,x,y,f,c,b
p,f,f,f,c,b
p,x,y,f,c,b
p,x,f,f,c,b
p,f,y,f,c,b
p,f,f,f,c,b
e,x,s,t,c,b
p,f,f,f,c,b
p,x,s,f,w,n
p,x,f,f,c,b
p,f,f,f,c,b
p,x,f,f,c,b
e,f,f,t,c,b
p,x,y,f,c,b
p,x,f,f,c,b
p,f,y,f,c,b
p,f,f,f,c,b
e,f,y,t,c,b
p,x,y,f,c,b
p,f,f,f,c,b
p,x,y,f,c,b
p,f,f,f,c,b
p,f,y,f,c,b
p,f,y,f,c,b
p,f,f,f,c,b
p,x,y,f,c,b
p,f,y,f,c,b
p,x,y,f,c,b
e,f,f,t,c,b
p,x,s,t,c,b
p,x,y,f,c,n
p,f,s,t,c,b
p,f,y,f,c,b
p,f,y,f,c,b
p,f,y,f,c,b
e,f,y,t,c,b
p,f,y,f,c,b
p,x,f,f,c,b
p,f,f,f,c,b
p,x,y,f,c,b
p,f,f,f,c,b
e,f,y,t,c,b
p,f,y,f,c,b
p,k,f,f,c,n
p,f,f,f,c,b
p,f,f,f,c,b
p,x,y,f,c,n
p,f,f,f,c,b
p,f,f,f,c,b
p,f,s,t,c,b
p,f,f,f,c,b
p,x,y,f,c,b
p,x,f,f,c,b
e,x,y,t,c,b
p,f,y,f,c,b
p,b,f,f,c,n
p,f,y,f,c,b
p,x,s,t,c,b
p,f,y,f,c,b
p,f,f,f,c,b
e,k,y,t,c,b
p,f,f,f,c,b
p,f,f,f,c,b
e,k,y,f,w,n
p,x,s,f,c,n
p,x,f,f,c,b
p,x,f,f,c,b
p,x,f,f,c,b
p,f,y,f,c,b
p,b,s,t,c,b
p,x,s,t,c,b
e,f,y,t,c,b
p,b,s,t,c,b
e,f,y,t,c,b
p,x,s,t,c,b
e,k,y,t,c,b
p,x,y,f,c,b
p,f,s,t,c,b
p,f,y,f,c,b
p,x,y,f,c,b
p,x,y,f,c,b
p,x,f,f,c,b
p,x,y,f,c,b
p,x,y,f,c,b
p,x,f,f,c,b
p,x,y,f,c,b
p,f,f,f,c,b
e,k,s,t,c,b
e,f,y,t,c,b
e,f,s,t,c,b
p,x,y,f,c,b
e,f,f,t,c,b
p,f,f,f,c,b
p,f,y,f,c,b
p,x,s,t,c,b
p,f,f,f,c,b
p,x,f,f,c,b
p,f,f,f,c,b
p,x,y,f,c,n
p,f,f,f,c,b
e,f,y,t,c,b
e,f,y,t,c,b
p,f,y,f,c,b
p,x,y,f,c,b
p,f,f,f,c,b
e,f,f,t,c,b
p,x,y,f,c,b
p,f,f,f,c,b
p,f,f,f,c,b
p,f,y,f,c,b
p,x,y,f,c,b
p,b,y,t,c,b
p,f,f,f,c,b
p,x,y,f,c,n
p,f,f,f,c,b
p,x,y,f,c,b
p,f,y,f,c,b
e,f,y,t,c,b
p,x,s,t,c,b
p,f,y,f,c,b
p,x,y,f,c,b
p,x,f,f,c,b
p,f,s,t,c,b
p,x,f,f,c,n
p,x,f,f,c,b
p,f,y,f,c,b
p,f,y,f,c,b
e,x,y,f,c,n
e,f,y,f,c,n
p,x,f,f,c,b
p,f,y,f,c,b
p,f,y,f,c,b
p,x,y,f,c,n
p,x,y,f,c,n
p,x,y,f,c,b
p,x,y,f,c,b
p,f,f,f,c,b
p,x,y,f,c,b
p,x,y,f,c,b
p,f,f,f,c,b
e,f,s,t,c,b
p,f,f,f,c,b
p,x,y,f,c,b
p,f,s,t,c,b
p,f,f,f,c,b
p,x,y,f,c,b
p,x,f,f,c,b
p,x,s,t,c,b
p,f,y,f,c,b
p,f,f,f,c,b
p,x,s,f,c,n
p,f,y,f,c,b
e,f,y,t,c,b
p,x,f,f,c,b
p,x,y,f,c,b
e,k,s,t,c,b
p,f,f,f,c,b
p,f,f,f,c,b
p,x,y,f,c,b
e,x,f,f,w,n
e,x,y,t,c,b
p,x,y,f,c,b
p,x,f,f,c,b
p,f,s,t,c,b
p,x,y,f,c,b
p,f,y,f,c,b
p,x,y,f,c,b
p,x,y,f,c,n
e,k,s,t,c,b
p,f,f,f,c,b
p,x,f,f,c,b
p,f,y,f,c,b
p,x,f,f,c,b
p,f,y,f,c,b
e,k,s,t,c,b
p,f,y,f,c,n
p,x,y,f,c,b
p,x,f,f,c,b
p,x,y,f,c,b
p,f,s,t,c,b
e,f,s,t,c,b
p,f,s,t,c,b
p,f,y,f,c,b
p,x,f,f,c,b
p,f,y,f,c,b
p,f,y,f,c,b
p,f,f,f,c,b
p,x,s,t,c,b
p,f,f,f,c,b
p,x,y,f,c,b
p,f,f,f,c,b
p,f,y,f,c,b
p,f,s,t,c,b
e,f,s,t,c,b
e,x,s,t,c,b
e,k,s,t,c,b
p,f,y,t,c,b
p,f,y,f,c,b
p,x,y,f,c,b
p,f,f,f,c,b
p,f,f,f,c,b
p,x,f,f,c,b
p,f,f,f,c,b
p,f,y,f,c,b
p,f,y,f,c,b
p,f,f,f,c,b
p,f,y,f,c,b
p,x,y,f,c,b
p,x,y,f,c,b
p,f,y,f,c,b
p,f,f,f,c,b
p,x,y,f,c,b
p,x,y,f,c,b
e,f,y,f,c,n
p,f,f,f,c,b
p,x,y,f,c,n
p,x,y,f,c,b
p,x,y,f,c,b
p,x,y,f,c,b
p,f,f,f,c,b
p,x,f,f,c,b
p,x,y,f,c,b
e,f,s,t,c,b
p,f,f,f,c,b
p,f,y,f,c,b
e,x,s,t,c,b
p,f,f,f,c,b
p,x,y,f,c,b
p,x,y,f,c,n
p,f,f,f,c,b
p,x,y,f,c,n
p,b,s,t,c,b
p,f,f,f,c,b
p,f,y,f,c,b
e,f,y,f,c,n
p,x,f,f,c,b
p,f,y,f,c,b
p,f,f,f,c,b
p,x,y,f,c,b
e,x,y,t,c,b
p,f,f,f,c,b
p,x,y,f,c,b
p,x,y,f,c,b
p,f,y,f,c,b
e,k,s,t,c,b
p,f,y,f,c,b
p,x,y,f,c,b
p,x,f,f,c,b
p,f,f,f,c,b
p,f,s,t,c,b
p,x,s,f,c,n
p,f,y,f,c,b
e,f,y,f,c,n
p,x,f,f,c,b
p,f,y,f,c,b
p,x,f,f,c,b
p,x,f,f,c,b
p,x,s,t,c,b
p,f,y,f,c,b
p,f,f,f,c,b
p,f,f,f,c,b
p,x,y,f,c,b
p,x,y,f,c,b
p,x,y,f,c,b
p,x,f,f,c,b
p,x,y,f,c,b
p,f,f,f,c,b
p,f,f,f,c,b
p,x,y,f,c,b
p,f,f,f,c,b
p,x,y,f,c,n
p,x,f,f,c,b
p,x,y,f,c,b
p,f,s,t,c,b
p,f,f,f,c,b
p,f,y,f,c,b
p,x,f,f,c,b
p,f,f,f,c,b
p,x,y,f,c,b
p,x,y,f,c,b
p,x,y,f,c,n
e,k,y,t,c,b
e,f,y,t,c,b
p,x,y,f,c,b
p,f,f,f,c,b
p,x,y,f,c,b
p,f,y,f,c,b
p,x,s,t,c,b
p,f,y,f,c,b
p,x,s,t,c,b
p,x,f,f,c,b
p,x,y,f,c,b
p,x,s,t,c,b
p,f,s,t,c,b
p,x,s,t,c,b
p,f,f,f,c,b
p,f,y,f,c,b
p,x,f,f,c,b
p,f,f,f,c,b
e,x,y,f,c,n
e,x,s,t,c,b
p,x,y,f,c,b
p,f,f,f,c,b
p,x,y,f,c,n
p,x,y,f,c,b
p,f,f,f,c,b
p,f,f,f,c,b
p,f,f,f,c,b
e,f,f,t,c,b
p,x,y,f,c,b
p,f,y,f,c,b
p,f,f,f,c,b
p,x,y,f,c,b
p,x,f,f,c,b
p,k,f,f,c,n
p,f,f,f,c,b
e,k,f,f,w,n
p,f,f,f,c,b
p,f,y,f,c,b
p,x,y,f,c,b
p,x,y,f,c,b
p,f,f,f,c,b
p,f,y,f,c,b
p,x,f,f,c,b
p,f,f,f,c,b
p,x,y,f,c,b
p,b,y,t,c,b
e,k,y,t,c,b
p,x,y,f,c,b
p,x,f,f,c,b
e,k,y,t,c,b
p,f,y,f,c,b
p,x,s,t,c,b
p,x,y,f,c,n
p,x,y,f,c,n
p,x,y,f,c,n
p,f,g,t,w,n
p,x,s,t,c,b
e,f,y,f,w,n
p,x,y,f,c,b
p,f,y,f,c,b
p,f,y,f,c,b
e,f,y,t,c,b
p,x,s,t,c,b
p,x,s,t,c,b
p,x,y,f,c,n
e,k,y,f,w,n
p,x,s,t,c,b
p,x,s,t,c,b
p,f,s,t,c,b
p,f,s,t,c,b
e,k,y,f,w,n
p,x,y,f,c,b
p,f,s,t,c,b
p,f,s,t,c,b
p,c,g,t,w,n
p,x,s,t,c,b
p,b,g,t,w,n
p,x,s,t,c,b
p,f,s,t,c,b
p,b,f,f,c,n
p,x,y,f,c,n
p,x,y,f,c,n
e,k,s,t,c,b
e,k,y,t,c,b
p,f,s,t,c,b
p,f,s,t,c,b
p,f,y,f,c,b
p,x,y,f,c,b
p,f,s,t,c,b
p,x,y,f,c,n
p,x,y,f,c,n
p,f,f,f,c,b
e,x,s,t,c,b
p,x,y,f,c,n
p,x,f,f,c,b
p,x,y,f,c,n
e,f,f,f,w,n
p,x,y,f,c,n
e,x,s,t,c,b
e,f,y,t,c,b
p,f,y,f,c,b
p,f,y,t,c,b
p,x,y,f,c,n
p,x,y,f,c,n
p,x,s,t,c,b
p,x,s,t,c,b
p,f,y,f,c,b
p,f,s,t,c,b
p,x,y,f,c,n
p,x,s,t,c,b
p,f,f,f,c,n
e,x,y,t,c,b
p,f,s,t,c,b
p,f,s,t,c,b
e,k,y,t,c,b
p,x,f,f,c,b
p,x,f,f,c,n
e,x,y,t,c,b
p,x,y,f,c,b
p,f,s,t,c,b
p,f,s,t,c,b
p,f,y,f,c,b
p,f,y,f,c,b
e,x,s,t,c,b
e,f,s,t,c,b
p,b,y,t,c,b
e,x,y,f,w,n
e,f,s,t,c,b
p,x,s,t,c,b
p,x,s,t,c,b
p,f,y,f,c,b
p,x,s,t,c,b
p,x,s,t,c,b
e,f,y,f,w,n
p,x,y,f,c,n
p,f,f,f,c,b
e,x,y,f,c,n
p,x,y,f,c,b
p,f,y,t,c,b
p,f,s,t,c,b
p,x,y,f,c,n
e,k,s,t,c,b
p,x,y,f,c,n
p,x,y,f,c,b
p,f,s,t,c,b
e,k,y,t,c,b
p,x,f,f,c,b
p,f,y,f,c,b
p,f,f,f,c,b
p,x,s,t,c,b
p,x,y,f,c,n
p,x,y,f,c,b
p,f,f,f,c,b
p,f,f,f,c,n
e,k,s,t,c,b
p,f,y,f,c,b
p,x,y,f,c,n
p,x,s,t,c,b
e,f,s,t,c,b
p,x,y,f,c,b
p,x,y,f,c,n
p,x,s,t,c,b
p,x,s,t,c,b
p,f,y,t,c,b
e,k,y,t,c,b
p,x,s,t,c,b
p,x,y,f,c,n
e,k,y,t,c,b
p,f,y,f,c,b
e,x,y,t,c,b
p,f,s,t,c,b
e,x,s,t,c,b
p,b,y,f,c,n
p,f,s,t,c,b
p,x,y,f,c,n
p,x,y,f,c,n
p,x,s,t,c,b
p,x,y,f,c,n
e,k,y,t,c,b
e,k,f,f,w,n
p,x,y,f,c,b
e,x,s,t,c,b
p,f,f,f,c,b
p,f,y,f,c,b
p,f,s,t,c,b
p,k,y,t,w,n
e,k,f,f,w,n
p,k,f,f,c,n
p,f,s,t,c,b
p,f,y,f,c,n
p,f,y,f,c,b
e,k,s,t,c,b
p,f,y,f,c,b
p,x,y,f,c,n
p,x,y,f,c,b
p,x,y,f,c,b
p,b,y,t,c,b
p,f,y,f,c,b
p,x,s,t,c,b
p,x,s,t,c,b
e,k,y,t,c,b
p,f,y,f,c,b
p,x,s,t,c,b
p,b,y,t,c,b
p,x,s,t,c,b
e,k,s,t,c,b
p,f,s,t,c,b
p,x,f,f,c,n
p,f,s,t,c,b
p,f,y,f,c,b
p,k,y,f,c,n
p,f,s,t,c,b
e,f,s,t,c,b
p,x,y,f,c,n
p,x,y,f,c,n
p,x,y,f,c,n
p,x,s,t,c,b
e,k,s,t,c,b
p,f,y,f,c,b
e,x,s,t,c,b
p,f,s,t,c,b
e,k,f,f,w,n
p,x,y,f,c,n
p,f,s,t,c,b
p,x,s,t,c,b
p,k,y,f,c,n
p,f,s,t,c,b
p,f,f,f,c,b
e,k,y,t,c,b
p,f,y,t,w,n
p,f,s,t,c,b
e,f,y,f,c,n
e,x,y,f,c,n
e,x,s,t,c,b
p,f,s,t,c,b
p,x,y,f,c,n
p,f,y,f,c,b
p,f,s,t,c,b
p,f,s,t,c,b
e,f,s,t,c,b
p,x,y,f,c,n
p,f,f,f,c,b
p,f,y,f,c,b
e,x,s,t,c,b
p,f,s,t,c,b
p,x,y,f,c,n
p,f,s,t,c,b
e,x,f,f,w,n
p,f,s,t,c,b
p,f,f,f,c,b
e,x,y,f,c,n
p,x,f,f,c,b
p,x,y,f,c,n
p,x,y,f,c,n
e,f,y,t,c,b
p,x,s,t,c,b
e,k,y,t,c,b
e,f,y,t,c,b
p,x,y,f,c,n
p,b,y,f,c,n
p,x,y,f,c,n
e,f,y,t,c,b
p,x,s,t,c,b
p,f,y,f,c,b
e,f,y,t,c,b
p,b,y,t,c,b
e,x,y,f,w,n
p,f,y,f,c,b
p,x,s,t,c,b
p,x,y,f,c,n
p,x,s,t,c,b
p,f,s,t,c,b
p,x,y,f,c,n
e,f,y,f,c,n
p,x,y,f,c,n
p,f,f,f,c,b
p,x,y,f,c,n
p,x,s,t,c,b
p,f,y,f,c,b
p,x,s,t,c,b
p,k,y,f,c,n
p,f,s,t,c,b
p,f,s,t,c,b
e,x,y,f,w,n
p,x,s,t,c,b
p,x,y,f,c,n
p,f,y,t,c,b
p,f,y,f,c,b
e,x,s,t,c,b
p,f,y,t,c,b
p,x,f,f,c,n
p,f,y,f,c,b
e,f,f,f,w,n
e,x,f,f,w,n
p,x,y,f,c,n
p,f,s,t,c,b
p,x,s,t,c,b
p,f,s,t,c,b
p,x,s,t,c,b
e,x,y,f,c,n
p,f,y,f,c,b
p,f,s,t,c,b
p,x,y,f,c,n
p,f,y,f,c,b
p,f,s,t,c,b
p,x,s,t,c,b
p,f,y,f,c,b
p,f,y,f,c,b
p,x,y,f,c,n
p,x,y,f,c,n
e,f,s,t,c,b
p,f,y,f,c,b
p,f,s,t,c,b
p,x,y,f,c,n
p,f,y,f,c,b
p,f,y,f,c,b
p,f,s,t,c,b
p,f,s,t,c,b
p,f,y,f,c,b
e,k,s,t,c,b
p,x,s,t,c,b
p,x,s,t,c,b
p,x,s,t,c,b
p,x,y,f,c,n
p,b,y,t,c,b
p,x,s,t,c,b
e,x,y,t,c,b
p,x,y,f,c,n
p,x,y,f,c,b
p,x,s,t,c,b
e,f,y,t,c,b
p,f,s,t,c,b
e,x,f,f,w,n
e,f,s,t,c,b
e,x,y,f,w,n
e,f,s,t,c,b
p,f,s,t,c,b
e,k,s,t,c,b
e,k,y,t,c,b
p,f,s,t,c,b
e,k,s,t,c,b
p,x,s,t,c,b
p,b,y,f,c,n
p,x,s,t,c,b
p,x,f,f,c,b
p,f,y,f,c,b
p,b,f,f,c,n
p,f,y,f,c,b
p,f,y,f,c,b
e,f,y,f,w,n
p,x,y,f,c,n
p,f,s,t,c,b
p,x,y,f,c,n
p,b,y,t,c,b
p,f,y,f,c,b
p,x,s,t,c,b
p,f,y,f,c,b
p,f,s,t,c,b
p,f,s,t,c,b
p,x,y,f,c,n
p,f,y,f,c,b
e,x,s,t,c,b
p,f,y,f,c,b
e,f,s,t,c,b
e,f,s,t,c,b
e,x,s,t,c,b
p,f,s,t,c,b
p,f,y,f,c,b
e,f,s,t,c,b
e,x,s,t,c,b
p,f,y,f,c,b
p,b,y,t,c,b
p,f,s,t,c,b
p,f,s,t,c,b
p,x,s,t,c,b
p,x,f,f,c,b
p,f,s,t,c,b
p,x,s,t,c,b
e,f,y,f,c,n
p,f,y,f,c,b
p,x,y,f,c,n
p,x,s,t,c,b
e,x,f,f,w,n
p,x,s,t,c,b
e,x,y,f,c,n
p,x,f,f,c,b
p,f,f,f,c,b
p,f,y,t,c,b
p,x,y,f,c,n
p,x,y,f,c,n
p,x,y,f,c,b
e,x,y,t,c,b
p,f,s,t,c,b
p,x,s,t,c,b
p,x,y,f,c,n
p,x,s,t,c,b
p,x,y,f,c,n
p,f,s,t,c,b
p,x,s,t,c,b
p,x,s,t,c,b
p,f,y,f,c,b
p,f,y,f,c,b
p,f,y,f,c,b
p,x,y,f,c,b
p,x,s,t,c,b
p,f,s,t,c,b
p,f,s,t,c,b
p,f,f,f,c,b
p,f,s,t,c,b
p,x,y,f,c,n
p,x,s,t,c,b
e,k,s,t,c,b
p,f,y,t,c,b
p,x,y,f,c,n
e,k,y,t,c,b
p,f,s,t,c,b
p,f,s,t,c,b
p,x,y,f,c,n
p,x,s,t,c,b
p,x,y,f,c,n
p,b,s,t,c,b
p,x,y,f,c,n
p,f,y,f,c,b
p,x,y,f,c,b
p,x,y,f,c,b
p,f,y,t,c,b
p,f,s,t,c,b
e,k,y,t,c,b
p,x,s,t,c,b
e,k,s,t,c,b
p,f,s,t,c,b
p,x,y,f,c,n
p,x,f,f,c,b
p,f,y,f,c,b
p,x,y,f,c,b
e,x,y,t,c,b
p,f,y,f,c,b
p,x,y,f,c,n
p,x,s,t,c,b
p,f,y,f,c,b
e,k,y,t,c,b
p,f,y,t,c,b
p,f,y,t,c,b
p,f,y,f,c,b
p,f,y,f,c,b
e,f,y,f,c,n
p,x,s,t,c,b
p,x,s,t,c,b
p,x,s,t,c,b
p,x,y,f,c,n
e,k,y,t,c,b
e,k,s,t,c,b
e,x,y,t,c,b
p,x,s,t,c,b
p,f,y,f,c,b
p,x,y,f,c,n
p,c,y,t,w,n
p,f,s,t,c,b
p,f,s,t,c,b
p,x,y,f,c,n
p,x,s,t,c,b
p,x,y,f,c,n
e,x,y,t,c,b
e,f,y,f,c,n
p,f,y,f,c,b
p,x,y,f,c,n
p,x,f,f,c,b
p,x,y,f,c,n
p,x,s,t,c,b
p,x,y,f,c,n
e,k,f,f,w,n
p,x,s,t,c,b
p,f,y,f,c,b
e,x,y,t,c,b
p,b,y,t,c,b
p,f,y,f,c,b
e,f,y,f,c,n
p,x,y,f,c,n
p,x,y,f,c,n
p,f,s,t,c,b
p,f,y,f,c,b
p,x,y,f,c,n
e,f,y,t,c,b
p,x,y,f,c,n
e,f,y,t,c,b
e,x,y,t,c,b
e,x,s,t,c,b
p,f,s,t,c,b
e,x,y,t,c,b
p,x,f,f,c,b
p,f,y,f,c,b
p,f,y,f,c,b
e,k,y,t,c,b
p,f,s,t,c,b
e,k,y,f,w,n
e,k,y,f,w,n
p,b,s,t,c,b
p,x,y,f,c,n
p,x,s,t,c,b
e,f,y,f,c,n
p,x,s,t,c,b
e,f,y,f,c,n
p,x,y,f,c,n
p,x,s,t,c,b
e,x,s,t,c,b
e,f,y,t,c,b
p,x,y,f,c,n
p,x,y,f,c,n
p,x,s,t,c,b
p,f,y,f,c,b
e,x,y,t,c,b
e,x,y,t,c,b
p,x,s,t,c,b
p,x,y,f,c,b
p,f,s,t,c,b
p,f,f,f,c,b
p,x,s,t,c,b
e,f,s,t,c,b
e,x,y,t,c,b
p,b,y,t,c,b
p,f,y,f,c,b
p,x,y,f,c,n
p,x,s,t,c,b
p,x,s,t,c,b
p,x,y,f,c,n
p,b,y,t,c,b
e,x,y,f,w,n
p,x,y,f,c,n
p,x,s,t,c,b
p,x,y,f,c,n
e,f,y,f,w,n
p,x,y,f,c,n
p,f,s,t,c,b
p,x,y,f,c,n
e,x,y,f,c,n
p,b,y,t,c,b
e,x,s,t,c,b
p,x,y,f,c,n
p,x,y,f,c,n
p,f,s,t,c,b
p,f,y,f,c,b
p,f,y,t,c,b
p,x,y,f,c,n
p,x,y,f,c,n
e,f,s,t,c,b
p,f,s,t,c,b
e,x,y,f,w,n
e,x,y,f,c,n
p,x,y,f,c,n
e,f,y,f,w,n
p,x,y,f,c,n
p,x,y,f,c,n
e,k,y,t,c,b
p,f,s,t,c,b
p,x,y,f,c,n
p,f,y,f,c,b
e,k,y,f,w,n
p,f,s,t,c,b
p,f,s,t,c,b
p,f,f,f,c,b
e,f,s,t,c,b
p,x,f,f,c,b
p,x,y,f,c,n
p,x,y,f,c,n
p,f,y,f,c,b
p,b,s,t,c,b
p,x,s,t,c,b
e,f,y,t,c,b
e,x,f,f,w,n
p,f,s,t,c,b
e,k,s,t,c,b
e,k,y,t,c,b
e,x,y,t,c,b
p,x,f,f,c,b
p,f,s,t,c,b
p,f,y,f,c,b
e,x,y,t,c,b
p,f,s,t,c,b
e,x,y,f,w,n
p,f,y,f,c,b
p,f,f,f,c,b
p,b,y,t,c,b
p,x,y,f,c,n
p,f,y,f,c,b
p,f,f,f,c,b
p,f,y,t,c,b
e,k,s,t,c,b
p,f,y,f,c,b
e,k,s,t,c,b
p,f,y,f,c,n
p,f,y,f,c,b
p,f,y,f,c,b
p,x,y,f,c,n
e,f,s,t,c,b
p,f,s,t,c,b
p,x,s,t,c,b
p,f,y,f,c,b
e,f,y,t,c,b
p,f,y,f,c,b
p,f,y,f,c,b
e,k,s,t,c,b
e,x,y,t,c,b
p,x,y,f,c,b
p,f,s,t,c,b
p,x,y,f,c,b
p,f,s,t,c,b
p,x,s,t,c,b
p,x,f,f,c,n
p,f,s,t,c,b
e,f,y,t,c,b
p,f,y,f,c,b
p,x,s,t,c,b
e,k,f,f,w,n
p,f,y,f,c,b
e,k,y,f,w,n
p,x,f,f,c,b
p,x,y,f,c,n
e,f,y,t,c,b
p,x,s,t,c,b
p,x,y,f,c,b
p,f,y,f,c,b
p,x,y,f,c,n
e,f,y,f,c,n
p,f,y,f,c,b
p,x,s,t,c,b
p,x,s,t,c,b
p,f,s,t,c,b
e,x,y,t,c,b
p,f,f,f,c,n
e,f,y,f,c,n
p,x,y,f,c,n
e,x,s,t,c,b
p,x,s,t,c,b
p,f,y,f,c,b
e,f,s,t,c,b
e,k,f,f,w,n
p,x,s,t,c,b
p,f,y,f,c,b
p,x,y,f,c,n
e,f,y,t,c,b
e,k,y,t,c,b
p,x,y,f,c,b
p,x,y,f,c,n
e,f,s,t,c,b
p,f,y,f,c,b
p,x,y,f,c,n
e,f,s,t,c,b
p,f,y,f,c,b
p,f,y,f,c,b
p,f,y,f,c,b
e,f,f,f,w,n
p,b,y,t,c,b
e,k,y,t,c,b
p,x,s,t,c,b
p,x,s,t,c,b
p,f,y,f,c,b
p,x,s,t,c,b
p,x,y,f,c,n
p,f,s,t,c,b
e,f,s,t,c,b
p,f,s,t,c,b
p,x,y,f,c,n
e,f,y,f,c,n
e,x,y,t,c,b
p,x,s,t,c,b
p,k,g,t,w,n
p,f,s,t,c,b
p,x,y,f,c,n
e,k,s,t,c,b
p,x,y,f,c,n
p,x,y,f,c,n
p,f,s,t,c,b
e,f,s,t,c,b
p,f,s,t,c,b
p,b,s,t,c,b
e,f,f,f,w,n
p,f,s,t,c,b
p,x,s,t,c,b
p,f,y,f,c,b
e,x,s,t,c,b
e,f,y,t,c,b
e,x,y,f,c,n
e,k,s,t,c,b
p,x,s,t,c,b
p,x,y,f,c,n
e,x,y,t,c,b
p,f,y,t,c,b
p,f,s,t,c,b
p,x,s,t,c,b
e,k,s,t,c,b
p,f,s,t,c,b
e,k,y,t,c,b
p,f,y,t,c,b
p,x,y,f,c,n
p,f,y,f,c,b
p,x,s,t,c,b
e,k,f,f,w,n
p,f,s,t,c,b
p,f,s,t,c,b
p,b,s,t,c,b
p,b,s,t,c,b
p,f,s,t,c,b
e,x,y,t,c,b
p,x,y,f,c,n
p,x,y,f,c,b
e,x,s,t,c,b
p,x,y,f,c,n
p,x,s,t,c,b
p,f,s,t,c,b
p,x,y,f,c,n
p,x,s,t,c,b
p,f,s,t,c,b
e,f,y,f,c,n
p,f,s,t,c,b
p,f,s,t,c,b
e,x,y,f,c,n
p,x,y,f,c,n
e,k,y,t,c,b
p,x,y,f,c,n
p,x,y,f,c,n
p,x,s,t,c,b
e,f,y,f,c,n
p,b,s,t,c,b
p,x,s,t,c,b
e,f,y,f,w,n
e,x,y,f,c,n
p,x,s,t,c,b
e,x,y,f,c,n
p,x,y,f,c,n
e,x,s,t,c,b
p,f,s,t,c,b
p,f,y,f,c,n
p,f,y,f,c,b
p,f,s,t,c,b
p,x,y,f,c,b
e,f,y,t,c,b
p,f,s,t,c,b
p,b,s,t,c,b
p,x,y,f,c,n
p,x,s,t,c,b
p,x,y,f,c,b
p,b,y,t,c,b
e,f,y,f,w,n
p,f,f,f,c,b
p,f,y,f,c,b
p,f,y,f,c,b
p,x,s,t,c,b
p,x,y,f,c,n
p,x,y,f,c,n
p,x,y,f,c,n
p,f,s,t,c,b
p,f,f,f,c,b
e,f,f,f,w,n
p,x,s,t,c,b
p,f,s,t,c,b
e,f,s,t,c,b
p,x,s,t,c,b
p,f,y,f,c,b
p,x,y,f,c,n
p,f,s,t,c,b
p,f,s,t,c,b
p,f,y,f,c,b
e,f,f,f,w,n
p,x,y,f,c,n
e,k,y,t,c,b
p,x,y,f,c,n
p,f,s,t,c,b
p,x,y,f,c,n
e,x,s,t,c,b
p,f,y,f,c,b
p,x,s,t,c,b
e,f,s,t,c,b
p,f,y,f,c,b
p,f,y,f,c,b
e,f,y,t,c,b
p,f,s,t,c,b
e,k,s,t,c,b
p,f,y,f,c,b
p,x,s,t,c,b
p,x,y,f,c,n
p,f,y,f,c,b
p,f,y,t,c,b
p,x,y,f,c,n
e,f,y,f,c,n
e,x,y,f,c,n
p,x,y,f,c,n
p,f,s,t,c,b
e,x,y,f,c,n
p,f,s,t,c,b
p,x,y,f,c,b
p,f,s,t,c,b
p,f,y,f,c,b
p,x,f,f,c,b
p,f,y,f,c,b
p,x,s,t,c,b
e,f,y,f,c,n
p,f,s,t,c,b
e,k,s,t,c,b
p,x,y,f,c,n
p,x,s,t,c,b
p,f,y,f,c,b
p,b,s,t,c,b
p,x,y,f,c,n
p,b,s,t,c,b
p,f,f,f,c,b
p,x,y,f,c,b
e,x,y,t,c,b
e,k,s,t,c,b
p,x,y,f,c,n
e,x,s,t,c,b
p,f,s,t,c,b
e,f,s,t,c,b
p,x,y,f,c,n
e,f,y,t,c,b
p,x,s,t,c,b
p,f,s,t,c,b
p,x,y,f,c,n
p,x,y,f,c,n
p,f,y,f,c,b
p,x,y,f,c,n
p,x,y,f,c,n
p,f,s,t,c,b
e,x,y,t,c,b
e,x,y,f,c,n
p,f,y,f,c,b
p,x,s,t,c,b
p,x,y,f,c,n
p,f,s,t,c,b
p,x,s,t,c,b
p,x,f,f,c,b
p,b,s,t,c,b
e,k,y,t,c,b
p,x,y,f,c,n
p,f,y,f,c,b
e,x,y,t,c,b
p,x,s,t,c,b
p,f,s,t,c,b
p,f,s,t,c,b
p,f,y,f,c,b
p,x,y,f,c,n
p,f,s,t,c,b
e,k,y,t,c,b
e,x,s,t,c,b
e,x,y,f,c,n
p,f,s,t,c,b
p,f,s,t,c,b
e,f,s,t,c,b
p,f,y,f,c,b
p,x,y,f,c,n
p,f,s,t,c,b
p,f,y,f,c,b
e,x,f,f,w,n
p,f,y,f,c,b
p,x,s,t,c,b
e,x,s,t,c,b
e,x,s,t,c,b
p,x,s,t,c,b
p,f,f,f,c,b
p,x,s,t,c,b
p,x,f,f,c,b
p,f,s,t,c,b
e,k,y,t,c,b
e,x,y,t,c,b
p,f,y,f,c,b
e,f,y,t,c,b
e,x,s,t,c,b
p,x,s,t,c,b
p,f,s,t,c,b
p,f,y,f,c,b
p,x,s,t,c,b
p,f,s,t,c,b
p,f,y,f,c,b
p,f,y,f,c,b
p,f,y,f,c,b
p,f,f,f,c,b
p,b,s,t,c,b
p,x,y,f,c,n
p,b,s,t,c,b
e,x,y,t,c,b
p,x,y,f,c,n
p,x,y,f,c,n
p,x,y,f,c,n
p,f,s,t,c,b
p,b,y,f,c,n
p,x,s,t,c,b
e,f,y,t,c,b
e,k,s,t,c,b
e,f,y,t,c,b
p,b,y,t,c,b
p,x,s,t,c,b
p,x,s,t,c,b
p,x,f,f,c,b
p,x,y,f,c,n
p,f,y,t,c,b
p,x,s,t,c,b
p,b,s,t,c,b
e,f,y,f,c,n
e,x,y,f,w,n
p,x,f,f,c,b
p,f,s,t,c,b
p,f,y,f,c,b
e,k,s,t,c,b
p,f,f,f,c,b
p,b,f,f,c,n
p,x,y,f,c,n
p,f,y,f,c,b
p,x,y,f,c,b
p,x,s,t,c,b
p,x,y,f,c,n
e,x,y,t,c,b
e,f,y,f,w,n
p,f,y,t,c,b
p,k,f,f,c,n
p,f,y,f,c,b
p,x,y,f,c,n
p,f,f,f,c,b
p,f,f,f,c,b
p,x,s,t,c,b
e,x,y,f,c,n
p,x,y,f,c,n
p,f,s,t,c,b
p,x,y,f,c,n
p,f,s,t,c,b
p,x,s,t,c,b
e,k,s,t,c,b
p,f,s,t,c,b
e,x,f,f,w,n
p,f,y,f,c,b
e,f,y,f,c,n
p,f,s,t,c,b
p,f,s,t,c,b
p,f,y,f,c,b
p,f,s,t,c,b
p,x,y,f,c,n
p,f,y,f,c,b
p,f,s,t,c,b
p,f,s,t,c,b
p,x,y,f,c,n
p,f,f,f,c,b
p,x,y,f,c,n
p,b,y,t,c,b
p,f,y,f,c,b
p,x,y,f,c,n
p,x,y,f,c,n
e,k,y,t,c,b
e,x,y,f,c,n
p,f,s,t,c,b
p,f,y,f,c,b
p,x,y,f,c,n
p,f,s,f,c,n
p,x,y,f,c,n
p,x,s,f,c,n
p,f,y,f,c,n
p,f,y,f,c,n
p,k,y,f,c,n
p,f,y,f,c,n
p,x,s,f,c,n
p,f,y,f,c,n
p,f,y,f,c,n
p,x,s,f,c,n
p,x,s,f,c,n
p,f,s,f,c,n
p,f,s,f,c,n
p,f,y,f,c,n
p,f,y,f,c,n
p,f,y,f,c,n
p,x,y,f,c,n
p,k,s,f,c,n
p,x,s,f,c,n
p,f,s,f,c,n
p,f,y,f,c,n
p,k,s,f,c,n
p,f,y,f,c,n
p,x,s,f,c,n
p,f,s,f,c,n
p,f,s,f,c,n
p,f,y,f,c,n
p,f,s,f,c,n
p,f,s,f,c,n
p,f,y,f,c,n
p,x,s,f,c,n
p,f,s,f,c,n
p,x,s,f,c,n
p,f,y,f,c,n
p,x,y,f,c,n
p,f,y,f,c,n
e,b,s,f,c,b
p,f,s,f,c,n
e,x,s,f,c,b
p,f,y,f,c,n
p,f,y,f,c,n
p,f,y,f,c,n
p,f,s,f,c,n
p,x,y,f,c,n
p,x,s,f,c,n
p,f,s,f,c,n
p,f,y,f,c,n
p,f,s,f,c,n
p,f,s,f,c,n
p,f,s,f,c,n
p,f,y,f,c,n
p,f,s,f,c,n
p,x,y,f,c,n
p,x,s,f,c,n
p,f,s,f,c,n
p,f,y,f,c,n
p,x,y,f,c,n
p,k,s,f,c,n
p,k,s,f,c,n
p,f,y,f,c,n
p,x,s,f,c,n
p,x,y,f,c,n
p,f,y,f,c,n
p,f,y,f,c,n
p,f,s,f,c,n
p,x,s,f,c,n
e,x,f,f,w,b
p,f,y,f,c,n
p,x,s,f,c,n
p,x,s,f,c,n
p,f,s,f,c,n
p,f,s,f,c,n
p,x,y,f,c,n
p,x,s,f,c,n
p,f,s,f,c,n
p,k,s,f,c,n
p,f,y,f,c,n
p,x,s,f,c,n
p,f,y,f,c,n
p,x,s,f,c,n
p,f,s,f,c,n
p,f,y,f,c,n
p,k,y,f,c,n
p,f,y,f,c,n
p,f,s,f,c,n
p,x,s,f,c,n
p,f,s,f,c,n
p,f,s,f,c,n
p,f,s,f,c,n
p,f,y,f,c,n
p,f,s,f,c,n
